epoch,time,train/box_loss,train/cls_loss,train/dfl_loss,metrics/precision(B),metrics/recall(B),metrics/mAP50(B),metrics/mAP50-95(B),val/box_loss,val/cls_loss,val/dfl_loss,lr/pg0,lr/pg1,lr/pg2
1,123.097,0.31709,1.68632,0.99708,0.99351,1,0.995,0.94,0.38011,1.16242,0.50897,0.00046641,0.00046641,0.00046641
2,240.098,0.29896,0.66737,0.95456,0.97832,0.96954,0.99204,0.94076,0.26055,0.90433,0.34768,0.000924077,0.000924077,0.000924077
3,359.658,0.30897,0.57783,0.95471,0.9924,0.98551,0.99393,0.98786,0.25516,1.03514,0.33632,0.00136288,0.00136288,0.00136288
4,475.849,0.28857,0.52602,0.94729,0.99764,1,0.995,0.96574,0.23524,0.87494,0.30345,0.00134412,0.00134412,0.00134412
5,598.253,0.27092,0.47118,0.93605,0.94903,0.99618,0.995,0.995,0.20179,0.85012,0.27056,0.00131582,0.00131582,0.00131582
6,717.851,0.26016,0.40213,0.93039,0.96132,0.94702,0.995,0.90007,0.43092,0.86211,0.538,0.00128753,0.00128753,0.00128753
7,848.393,0.26357,0.39944,0.93445,0.85054,0.96468,0.91333,0.82255,0.46372,0.97203,0.46242,0.00125923,0.00125923,0.00125923
8,973.66,0.24854,0.37426,0.9336,0.63339,0.94365,0.99302,0.90081,0.42327,0.99291,0.46751,0.00123094,0.00123094,0.00123094
9,1096.62,0.25027,0.35899,0.92588,0.77738,0.91413,0.92336,0.92166,0.27264,0.91279,0.36181,0.00120265,0.00120265,0.00120265
10,1218.62,0.24092,0.33856,0.92342,0.96619,0.96889,0.97261,0.97127,0.25656,0.6592,0.31872,0.00117435,0.00117435,0.00117435
11,1340.68,0.2354,0.31137,0.92406,0.98612,0.99887,0.99483,0.95366,0.36433,0.36161,0.46117,0.00114606,0.00114606,0.00114606
12,1467.31,0.23154,0.29279,0.92091,0.98901,0.99817,0.995,0.99433,0.18964,0.53103,0.28786,0.00111776,0.00111776,0.00111776
13,1584.9,0.23501,0.2946,0.92063,0.99791,1,0.995,0.99033,0.28648,0.46608,0.36768,0.00108947,0.00108947,0.00108947
14,1703.74,0.22215,0.27053,0.92143,0.99621,1,0.995,0.9938,0.28224,0.44765,0.35938,0.00106118,0.00106118,0.00106118
15,1826.63,0.22666,0.26324,0.91958,0.99723,1,0.995,0.97952,0.21303,0.34503,0.29673,0.00103288,0.00103288,0.00103288
16,1949.05,0.21126,0.25277,0.92114,0.99794,1,0.995,0.98161,0.37484,0.42467,0.43855,0.00100459,0.00100459,0.00100459
17,2076.48,0.21522,0.24326,0.92133,0.98668,0.64957,0.94917,0.82288,0.39939,1.19658,0.47082,0.000976293,0.000976293,0.000976293
18,2202.43,0.20838,0.23355,0.91582,0.99677,0.99992,0.995,0.99433,0.19106,0.37144,0.28378,0.000947999,0.000947999,0.000947999
19,2328.19,0.21442,0.23488,0.9145,0.9978,1,0.995,0.995,0.24041,0.40028,0.32357,0.000919704,0.000919704,0.000919704
20,2457.02,0.20306,0.22157,0.90999,0.99818,1,0.995,0.995,0.20153,0.35574,0.2907,0.00089141,0.00089141,0.00089141
21,2576.13,0.21444,0.24135,0.90897,0.99833,0.99331,0.995,0.9901,0.2348,0.31809,0.32225,0.000863116,0.000863116,0.000863116
22,2691.53,0.20156,0.22565,0.91508,0.99283,0.99902,0.995,0.98906,0.23573,0.32842,0.32113,0.000834822,0.000834822,0.000834822
23,2810.26,0.19233,0.21085,0.90463,0.99757,1,0.995,0.99191,0.21705,0.32675,0.30695,0.000806528,0.000806528,0.000806528
24,2923.68,0.19021,0.21125,0.91744,0.99818,1,0.995,0.9659,0.18397,0.25113,0.27909,0.000778233,0.000778233,0.000778233
25,3040.05,0.19649,0.20024,0.9089,0.99662,1,0.995,0.99168,0.20451,0.23001,0.29674,0.000749939,0.000749939,0.000749939
26,3149.95,0.19325,0.19496,0.90381,0.99809,1,0.995,0.99433,0.20252,0.29117,0.28953,0.000721645,0.000721645,0.000721645
27,3264.63,0.1883,0.18852,0.90761,0.99225,0.99309,0.995,0.995,0.18672,0.29076,0.26982,0.000693351,0.000693351,0.000693351
28,3377.47,0.18712,0.19487,0.9063,0.99821,1,0.995,0.99433,0.2077,0.28359,0.30194,0.000665057,0.000665057,0.000665057
29,3494.87,0.19297,0.19873,0.91488,0.98881,1,0.995,0.97992,0.18009,0.24557,0.28221,0.000636762,0.000636762,0.000636762
30,3609.29,0.18592,0.19215,0.9065,0.99805,1,0.995,0.99367,0.16897,0.31121,0.25329,0.000608468,0.000608468,0.000608468
31,3722.35,0.1739,0.179,0.90418,0.99829,1,0.995,0.995,0.24041,0.33938,0.31375,0.000580174,0.000580174,0.000580174
32,3836.66,0.17871,0.17977,0.9051,0.99792,1,0.995,0.9928,0.28147,0.38573,0.32285,0.00055188,0.00055188,0.00055188
33,3954.65,0.17644,0.16838,0.89821,0.99819,1,0.995,0.99373,0.16169,0.17967,0.2469,0.000523586,0.000523586,0.000523586
34,4068.37,0.17243,0.17061,0.89506,0.99435,0.98657,0.995,0.99433,0.11655,0.24935,0.22337,0.000495291,0.000495291,0.000495291
35,4180.85,0.16747,0.16987,0.9041,0.99564,0.98693,0.995,0.99367,0.17098,0.27537,0.26094,0.000466997,0.000466997,0.000466997
36,4293.56,0.17236,0.16677,0.90605,0.99827,1,0.995,0.993,0.15937,0.18124,0.25702,0.000438703,0.000438703,0.000438703
37,4406.44,0.16873,0.15988,0.90124,0.99485,0.99975,0.995,0.995,0.10623,0.28725,0.21107,0.000410409,0.000410409,0.000410409
38,4522.99,0.1679,0.16458,0.90113,0.9839,0.99885,0.995,0.995,0.14801,0.25558,0.24414,0.000382115,0.000382115,0.000382115
39,4638.88,0.16412,0.15786,0.89797,0.99825,1,0.995,0.995,0.13322,0.23276,0.23456,0.00035382,0.00035382,0.00035382
40,4758.06,0.16018,0.14615,0.90079,0.99838,1,0.995,0.99433,0.18207,0.21188,0.27274,0.000325526,0.000325526,0.000325526
41,4871.9,0.06246,0.13477,0.9125,0.99799,1,0.995,0.99433,0.16419,0.24685,0.25293,0.000297232,0.000297232,0.000297232
42,4984.97,0.05936,0.09775,0.90258,0.99838,1,0.995,0.995,0.14721,0.19379,0.23286,0.000268938,0.000268938,0.000268938
43,5095.7,0.04834,0.08429,0.91712,0.99814,1,0.995,0.995,0.16422,0.1702,0.24807,0.000240644,0.000240644,0.000240644
44,5205.08,0.04379,0.07231,0.90602,0.99834,1,0.995,0.995,0.16892,0.22381,0.24716,0.000212349,0.000212349,0.000212349
45,5315.08,0.0413,0.07028,0.89739,0.99834,1,0.995,0.995,0.13565,0.20237,0.21986,0.000184055,0.000184055,0.000184055
46,5424.46,0.04176,0.07171,0.89409,0.99841,1,0.995,0.995,0.10918,0.23149,0.19835,0.000155761,0.000155761,0.000155761
47,5535.2,0.03791,0.06529,0.89931,0.99833,1,0.995,0.995,0.14054,0.18826,0.21917,0.000127467,0.000127467,0.000127467
48,5646.07,0.0338,0.06708,0.90286,0.99251,0.99857,0.995,0.995,0.13571,0.16656,0.21672,9.91726e-05,9.91726e-05,9.91726e-05
49,5762.89,0.03461,0.06401,0.89216,0.99814,1,0.995,0.995,0.1243,0.1682,0.21032,7.08784e-05,7.08784e-05,7.08784e-05
50,5878.14,0.03273,0.05289,0.88913,0.99839,1,0.995,0.995,0.13499,0.18247,0.21493,4.25842e-05,4.25842e-05,4.25842e-05
