timestamp,dispositivo_id,latitud,longitud,voltaje,corriente,potencia,potencia_calculada,soc,ttg_min,ah_consumidos,motor_voltaje,motor_corriente,motor_potencia,motor_rpm,motor_temp,tiempo_acumulado(s),delta_t_s,energia_wh,energia_acumulada_wh
2026-07-16T09:38:44.474907,Raspberry_Relieve11,25.689201089794963,-100.3165284927694,12.83,2.98,42.38,38.23,90.8,243,0.35,23.15,2.66,124.8,231,32,0,,,0.0
2026-07-16T09:38:45.976335,Raspberry_Relieve1,25.687636306129768,-100.31400125668797,12.61,2.73,49.87,34.43,91.1,162,0.48,24.18,9.06,108.5,264,38,0,,,0.0
2026-07-16T09:38:47.476989,Raspberry_Relieve2,25.68481189604468,-100.3196303411649,12.57,4.76,50.83,59.83,94.7,264,1.62,23.15,6.87,142.22,152,44,0,,,0.0
2026-07-16T09:38:48.976992,Raspberry_Relieve8,25.684252327342097,-100.31377574273147,12.42,3.68,39.81,45.71,94.8,243,1.5,24.56,4.6,186.58,277,42,0,,,0.0
2026-07-16T09:38:49.494370,Raspberry_Relieve11,25.68763673185178,-100.31500775616584,13.08,1.2,23.75,15.7,80.8,299,1.19,24.59,7.36,184.47,274,30,5,,,0.0
2026-07-16T09:38:50.477216,Raspberry_Relieve12,25.691024615225622,-100.31712352539296,12.91,2.49,20.55,32.15,83.2,132,0.38,24.59,3.09,82.28,390,39,0,,,0.0
2026-07-16T09:38:51.006908,Raspberry_Relieve1,25.6885585701355,-100.3124949314152,12.81,1.13,58.19,14.48,88.6,131,1.71,23.48,8.73,237.79,243,45,5,,,0.0
2026-07-16T09:38:51.977466,Raspberry_Relieve7,25.684186063932813,-100.32057924153466,12.62,1.51,44.87,19.06,96.3,249,0.92,24.06,3.93,63.84,272,35,0,,,0.0
2026-07-16T09:38:52.508337,Raspberry_Relieve2,25.685065716647312,-100.31462809857108,12.39,2.29,49.41,28.37,88.1,122,0.52,23.85,9.93,160.37,229,33,5,,,0.0
2026-07-16T09:38:53.477745,Raspberry_Relieve10,25.690930635865683,-100.31959060641097,13.27,1.35,33.59,17.91,99.3,248,0.38,23.7,3.68,140.45,276,37,0,,,0.0
2026-07-16T09:38:53.981956,Raspberry_Relieve8,25.689016050082376,-100.32089895911945,12.56,1.57,23.43,19.72,89.4,238,0.99,24.44,7.48,53.59,273,39,5,,,0.0
2026-07-16T09:38:54.501227,Raspberry_Relieve11,25.686803912628402,-100.31476204097798,13.13,2.62,56.6,34.4,80.1,148,1.71,24.71,5.81,137.62,286,35,10,5.01,0.034832,0.034832
2026-07-16T09:38:54.978061,Raspberry_Relieve3,25.68304269313679,-100.31847857474433,12.74,1.72,23.47,21.91,80.1,215,1.9,23.03,8.83,110.73,269,42,0,,,0.0
2026-07-16T09:38:55.484834,Raspberry_Relieve12,25.689044276751073,-100.31302856266386,12.62,2.91,56.61,36.72,82.5,130,0.36,24.1,7.21,183.9,367,33,5,,,0.0
2026-07-16T09:38:56.040481,Raspberry_Relieve1,25.687346778833927,-100.3120072327374,12.72,4.76,30.91,60.55,92.7,228,0.39,23.21,3.11,178.56,222,39,10,5.02,0.052308,0.052308
2026-07-16T09:38:56.478228,Raspberry_Relieve9,25.683358339786977,-100.31155148674353,12.96,3.1,38.82,40.18,93.4,282,1.04,24.85,2.29,88.05,151,31,0,,,0.0
2026-07-16T09:38:56.982386,Raspberry_Relieve7,25.682186458393186,-100.31339545668867,12.21,4.33,34.17,52.87,92.5,278,1.31,23.94,9.55,249.01,386,43,5,,,0.0
2026-07-16T09:38:57.513992,Raspberry_Relieve2,25.682518336993933,-100.31564231059313,13.0,1.76,33.52,22.88,94.6,179,1.73,23.2,8.91,85.47,339,38,10,5.01,0.035641,0.035641
2026-07-16T09:38:57.978465,Raspberry_Relieve5,25.68786885835836,-100.31941662085997,12.51,3.24,14.81,40.53,85.2,288,0.78,24.21,4.65,169.39,217,37,0,,,0.0
2026-07-16T09:38:58.484115,Raspberry_Relieve10,25.689632995761187,-100.31463442968848,12.12,5.0,46.45,60.6,80.4,204,0.39,23.09,5.93,50.69,209,30,5,,,0.0
2026-07-16T09:38:58.992093,Raspberry_Relieve8,25.684123924631166,-100.32096271618343,13.23,4.89,36.44,64.69,90.3,297,1.41,24.44,8.49,88.08,269,39,10,5.01,0.05872,0.05872
2026-07-16T09:38:59.478722,Raspberry_Relieve4,25.684088810683956,-100.31933260848714,12.37,2.96,40.64,36.62,94.3,140,1.87,23.54,6.24,177.95,187,31,0,,,0.0
2026-07-16T09:38:59.509632,Raspberry_Relieve11,25.68164352349629,-100.31872267675057,12.56,3.42,34.83,42.96,91.2,160,0.67,23.17,8.31,54.43,171,30,15,5.02,0.05389,0.088722
2026-07-16T09:38:59.986465,Raspberry_Relieve3,25.686754088959187,-100.31453668551023,13.0,2.33,59.06,30.29,86.4,295,1.47,23.94,2.73,99.61,322,42,5,,,0.0
2026-07-16T09:39:00.491476,Raspberry_Relieve12,25.6872454377303,-100.31426719327403,12.45,2.03,22.97,25.27,91.3,205,0.46,24.17,5.05,163.55,198,45,10,5.01,0.043119,0.043119
2026-07-16T09:39:00.978930,Raspberry_Relieve6,25.6877596157061,-100.31198248514457,12.65,3.83,36.19,48.45,93.0,178,1.13,24.88,9.57,84.29,177,39,0,,,0.0
2026-07-16T09:39:01.047280,Raspberry_Relieve1,25.684956799017797,-100.31899405815102,12.01,4.06,37.01,48.76,97.2,277,1.01,24.78,7.21,197.3,286,35,15,5.01,0.076033,0.128341
2026-07-16T09:39:01.485137,Raspberry_Relieve9,25.685591586722907,-100.31858763669909,12.04,4.51,30.73,54.3,97.7,142,0.12,23.05,5.65,118.95,328,41,5,,,0.0
2026-07-16T09:39:01.990508,Raspberry_Relieve7,25.686210561069046,-100.31706991968508,12.44,4.15,34.24,51.63,80.8,242,1.95,24.75,8.36,173.64,150,44,10,5.01,0.072708,0.072708
2026-07-16T09:39:02.522428,Raspberry_Relieve2,25.68659900065839,-100.31977584432168,13.29,2.02,21.08,26.85,97.6,220,0.42,24.48,6.78,210.42,339,40,15,5.01,0.034613,0.070254
2026-07-16T09:39:02.984299,Raspberry_Relieve5,25.685488069194548,-100.31988958929692,13.41,1.47,13.54,19.71,99.0,258,1.44,24.49,7.06,107.06,170,41,5,,,0.0
2026-07-16T09:39:03.493960,Raspberry_Relieve10,25.68207347543473,-100.31329932896557,13.47,4.5,22.08,60.62,97.7,169,1.93,24.73,2.27,170.1,171,35,10,5.01,0.084272,0.084272
2026-07-16T09:39:03.998755,Raspberry_Relieve8,25.69035191002053,-100.31243507911311,12.61,1.06,16.42,13.37,85.4,142,0.92,24.85,7.42,126.3,266,40,15,5.01,0.05427,0.11299
2026-07-16T09:39:04.485455,Raspberry_Relieve4,25.68305287908038,-100.31153853388582,12.28,2.74,38.68,33.65,83.7,155,0.57,24.46,7.52,140.73,192,42,5,,,0.0
2026-07-16T09:39:04.533941,Raspberry_Relieve11,25.682370552776643,-100.31559824585825,12.11,3.28,28.55,39.72,90.2,298,1.62,24.54,9.23,211.2,313,37,20,5.02,0.057641,0.146362
2026-07-16T09:39:04.995367,Raspberry_Relieve3,25.6825197376079,-100.31666664813598,12.46,4.53,48.81,56.44,88.2,258,1.42,24.7,8.54,94.61,387,35,10,5.01,0.060324,0.060324
2026-07-16T09:39:05.498245,Raspberry_Relieve12,25.684043559466613,-100.31435695521446,13.34,1.85,25.46,24.68,97.3,230,0.38,23.04,8.37,232.68,388,32,15,5.01,0.03476,0.07788
2026-07-16T09:39:05.985543,Raspberry_Relieve6,25.682634314121078,-100.3173203149183,13.27,2.29,57.49,30.39,89.2,277,1.1,24.71,6.54,67.1,214,44,5,,,0.0
2026-07-16T09:39:06.055038,Raspberry_Relieve1,25.68410418077485,-100.31215591619672,12.69,3.84,38.73,48.73,95.6,263,1.21,24.96,9.49,152.39,182,33,20,5.01,0.067854,0.196196
2026-07-16T09:39:06.491900,Raspberry_Relieve9,25.691022821689135,-100.31587679645017,13.49,4.16,45.08,56.12,90.6,246,1.31,23.57,8.67,96.91,175,41,10,5.01,0.076793,0.076793
2026-07-16T09:39:07.000632,Raspberry_Relieve7,25.683573141070653,-100.31338074974087,13.47,3.09,14.52,41.62,84.8,280,1.69,24.84,7.65,168.16,226,42,15,5.01,0.064866,0.137574
2026-07-16T09:39:07.533855,Raspberry_Relieve2,25.685653990249797,-100.31232675448018,13.34,2.5,48.41,33.35,90.2,157,1.96,23.67,8.75,213.23,169,39,20,5.01,0.041863,0.112117
2026-07-16T09:39:07.990824,Raspberry_Relieve5,25.686267857313375,-100.31970599885355,13.01,1.44,29.73,18.73,89.9,138,0.93,23.19,6.38,85.81,172,36,10,5.01,0.02674,0.02674
2026-07-16T09:39:08.499250,Raspberry_Relieve10,25.682402351676835,-100.32028085495405,13.44,4.46,51.66,59.94,98.0,139,0.11,23.29,6.94,172.22,368,41,15,5.01,0.083806,0.168079
2026-07-16T09:39:09.005268,Raspberry_Relieve8,25.68820371404228,-100.31902725375274,12.15,1.13,20.75,13.73,81.1,286,1.07,23.47,4.89,71.34,357,35,20,5.01,0.018844,0.131835
2026-07-16T09:39:09.494751,Raspberry_Relieve4,25.689701751139406,-100.31576273556095,12.29,3.94,15.73,48.42,91.1,207,0.92,23.47,4.75,192.01,197,39,10,5.01,0.057091,0.057091
2026-07-16T09:39:09.547091,Raspberry_Relieve11,25.68608314809406,-100.31217564749869,12.03,1.28,17.62,15.4,90.9,201,0.39,24.35,6.15,168.1,240,39,25,5.02,0.038423,0.184785
2026-07-16T09:39:10.002725,Raspberry_Relieve3,25.682232162286024,-100.31811661815723,12.62,1.05,50.41,13.25,96.5,174,1.72,23.73,5.4,73.98,339,45,15,5.01,0.048474,0.108799
2026-07-16T09:39:10.511385,Raspberry_Relieve12,25.68444081677379,-100.3145600786555,13.33,2.16,54.91,28.79,83.8,195,1.82,24.09,6.43,239.43,274,41,20,5.01,0.037203,0.115083
2026-07-16T09:39:10.994255,Raspberry_Relieve6,25.682653180272798,-100.31322816485557,13.02,3.13,40.74,40.75,94.8,160,1.66,24.33,3.3,205.66,162,30,10,5.01,0.049462,0.049462
2026-07-16T09:39:11.066841,Raspberry_Relieve1,25.6825896679324,-100.31531569809701,13.16,1.23,44.84,16.19,91.0,241,0.6,23.22,2.59,88.29,325,34,25,5.01,0.045144,0.24134
2026-07-16T09:39:11.498226,Raspberry_Relieve9,25.69052435823284,-100.31551461880235,12.02,1.33,13.23,15.99,98.6,284,0.48,24.14,8.63,87.64,172,35,15,5.01,0.05013,0.126923
2026-07-16T09:39:12.008319,Raspberry_Relieve7,25.689808821225128,-100.31251656838859,12.21,3.94,28.64,48.11,81.9,138,1.55,24.63,4.27,216.08,155,35,20,5.01,0.062417,0.19999
2026-07-16T09:39:12.541146,Raspberry_Relieve2,25.683728938385293,-100.3148100898025,12.21,3.81,34.6,46.52,83.2,233,0.16,23.67,2.63,81.82,195,31,25,5.01,0.055557,0.167674
2026-07-16T09:39:12.997598,Raspberry_Relieve5,25.683247377739466,-100.31554240674672,12.6,2.59,48.59,32.63,98.4,155,1.41,24.4,4.74,53.78,189,34,15,5.0,0.035708,0.062448
2026-07-16T09:39:13.505364,Raspberry_Relieve10,25.691571262440718,-100.31768985664492,12.02,3.16,34.49,37.98,96.0,199,1.86,24.47,3.01,209.09,278,30,20,5.01,0.068093,0.236172
2026-07-16T09:39:14.014259,Raspberry_Relieve8,25.685826118730386,-100.32063364667025,13.13,3.32,19.77,43.59,90.4,183,1.1,23.02,6.27,192.75,240,41,25,5.01,0.039871,0.171706
2026-07-16T09:39:14.503189,Raspberry_Relieve4,25.6865422513383,-100.31416008573711,13.08,1.29,52.83,16.87,82.2,241,1.18,24.79,8.38,190.95,281,43,15,5.01,0.045413,0.102504
2026-07-16T09:39:14.566005,Raspberry_Relieve11,25.689533720855767,-100.31133323663398,12.97,1.44,12.84,18.68,97.3,125,0.87,23.16,2.27,89.77,254,32,30,5.02,0.023761,0.208546
2026-07-16T09:39:15.009094,Raspberry_Relieve3,25.690278226665676,-100.3199832320648,13.12,3.76,42.27,49.33,99.5,298,1.48,24.84,4.49,94.61,330,34,20,5.01,0.043513,0.152312
2026-07-16T09:39:15.519463,Raspberry_Relieve12,25.690101209969043,-100.31161551591906,12.64,4.58,54.2,57.89,94.3,202,0.68,23.54,9.04,144.21,293,35,25,5.01,0.060291,0.175373
2026-07-16T09:39:16.000250,Raspberry_Relieve6,25.68449491685311,-100.3128724428752,13.37,3.53,21.54,47.2,93.6,188,1.36,23.47,7.48,213.6,330,33,15,5.01,0.061155,0.110617
2026-07-16T09:39:16.073540,Raspberry_Relieve1,25.68734003146784,-100.31338133872468,12.89,4.57,38.25,58.91,88.7,252,1.15,23.94,9.37,125.59,198,30,30,5.01,0.052251,0.293591
2026-07-16T09:39:16.503397,Raspberry_Relieve9,25.682839467650904,-100.31247466350318,12.98,2.9,31.1,37.64,83.8,141,0.3,23.31,2.35,130.07,182,31,20,5.01,0.037281,0.164204
2026-07-16T09:39:17.015232,Raspberry_Relieve7,25.688662625739756,-100.31123975179797,12.75,2.15,14.23,27.41,97.5,253,0.79,23.67,5.66,60.35,187,34,25,5.01,0.052499,0.252489
2026-07-16T09:39:17.548322,Raspberry_Relieve2,25.683048053164836,-100.31471923399444,12.52,1.32,52.44,16.53,89.6,297,1.37,23.13,8.77,60.12,228,41,30,5.01,0.043841,0.211515
2026-07-16T09:39:18.002523,Raspberry_Relieve5,25.682527237726273,-100.31934057807797,12.19,4.9,22.2,59.73,80.3,188,1.75,23.11,7.24,175.05,327,34,20,5.0,0.064205,0.126653
2026-07-16T09:39:18.513363,Raspberry_Relieve10,25.68994441973597,-100.31822099733535,12.79,1.17,21.73,14.96,88.2,217,0.63,24.37,5.78,243.68,380,42,25,5.01,0.036825,0.272997
2026-07-16T09:39:19.020324,Raspberry_Relieve8,25.687811860004803,-100.31635245080562,13.33,2.22,43.16,29.59,90.4,195,1.96,24.23,7.59,191.16,382,42,30,5.01,0.050885,0.22259
2026-07-16T09:39:19.509589,Raspberry_Relieve4,25.68370046206373,-100.3160059111,12.99,1.84,33.14,23.9,99.4,142,1.16,24.18,4.19,82.37,321,44,20,5.01,0.028372,0.130876
2026-07-16T09:39:19.599810,Raspberry_Relieve11,25.690477644468352,-100.31272585669926,12.66,5.0,51.27,63.3,95.7,170,1.8,23.49,3.82,181.85,338,40,35,5.02,0.057198,0.265744
2026-07-16T09:39:20.015142,Raspberry_Relieve3,25.686268429387777,-100.31335100474918,13.24,2.28,46.76,30.19,93.4,192,1.96,23.82,3.5,140.64,237,41,25,5.01,0.055288,0.2076
2026-07-16T09:39:20.528282,Raspberry_Relieve12,25.683619134243845,-100.3155612257577,13.23,4.1,28.63,54.24,81.1,188,1.53,24.34,5.64,57.46,342,41,30,5.01,0.078,0.253373
2026-07-16T09:39:21.005941,Raspberry_Relieve6,25.68981437910822,-100.31931141254383,12.6,2.4,50.34,30.24,96.3,246,0.27,24.09,3.02,234.23,286,37,20,5.01,0.053845,0.164461
2026-07-16T09:39:21.083671,Raspberry_Relieve1,25.68897106354734,-100.31710359473219,12.17,1.31,30.0,15.94,84.8,167,0.69,24.64,9.21,196.02,273,35,35,5.01,0.052071,0.345661
2026-07-16T09:39:21.509851,Raspberry_Relieve9,25.6896046578203,-100.3165797928899,12.15,3.06,44.07,37.18,86.0,285,0.84,24.61,6.07,61.37,314,33,25,5.01,0.052034,0.216238
2026-07-16T09:39:22.020124,Raspberry_Relieve7,25.6880167429488,-100.31151610166373,12.14,4.8,32.66,58.27,90.2,190,1.43,24.14,7.53,201.46,275,41,30,5.01,0.059574,0.312063
2026-07-16T09:39:22.557197,Raspberry_Relieve2,25.690218673689035,-100.31169924501744,12.71,3.56,49.45,45.25,81.5,225,1.6,24.27,9.3,124.42,151,37,35,5.01,0.042978,0.254493
2026-07-16T09:39:23.007486,Raspberry_Relieve5,25.682268288469363,-100.31516131637238,13.37,3.0,35.06,40.11,82.7,225,0.7,24.08,8.57,76.8,383,43,25,5.01,0.069421,0.196074
2026-07-16T09:39:23.518350,Raspberry_Relieve10,25.68872803970035,-100.32020189026944,12.37,2.26,12.72,27.96,91.5,219,0.55,23.1,8.85,169.49,320,43,30,5.01,0.029851,0.302848
2026-07-16T09:39:24.025465,Raspberry_Relieve8,25.686620762879755,-100.32015673931255,12.29,3.97,15.25,48.79,90.3,214,0.7,24.34,6.49,55.46,284,36,35,5.01,0.054498,0.277088
2026-07-16T09:39:24.518469,Raspberry_Relieve4,25.68764476193654,-100.31629868214252,13.17,1.62,41.89,21.34,84.0,200,1.19,24.02,6.21,201.58,314,31,25,5.01,0.03147,0.162347
2026-07-16T09:39:24.608673,Raspberry_Relieve11,25.684639432149087,-100.31261188895202,13.32,3.18,11.71,42.36,90.1,153,0.46,23.31,8.97,187.14,205,34,40,5.01,0.073504,0.339248
2026-07-16T09:39:25.024723,Raspberry_Relieve3,25.683993422601684,-100.32052592908902,12.81,3.95,47.69,50.6,85.9,214,1.08,23.21,5.34,235.28,354,38,30,5.01,0.056207,0.263807
2026-07-16T09:39:25.535733,Raspberry_Relieve12,25.68598123691296,-100.317272423297,12.52,1.94,54.98,24.29,82.2,147,1.57,24.26,7.37,181.45,367,34,35,5.01,0.054626,0.308
2026-07-16T09:39:26.012664,Raspberry_Relieve6,25.684040058303246,-100.31782900508519,13.33,3.44,56.45,45.86,81.9,246,1.13,24.47,4.11,135.67,321,34,25,5.01,0.052912,0.217373
2026-07-16T09:39:26.095129,Raspberry_Relieve1,25.684931101093536,-100.31572820780467,13.24,4.84,45.5,64.08,99.8,251,0.16,23.47,6.62,246.08,286,35,40,5.01,0.055714,0.401376
2026-07-16T09:39:26.515828,Raspberry_Relieve9,25.68898579414096,-100.31918323262208,13.05,4.15,45.19,54.16,87.5,132,0.68,23.89,5.22,64.79,294,32,30,5.01,0.063495,0.279733
2026-07-16T09:39:27.026458,Raspberry_Relieve7,25.689635389571556,-100.3188027531191,12.09,3.43,33.08,41.47,98.7,197,1.82,24.64,3.28,239.93,380,42,35,5.01,0.069347,0.38141
2026-07-16T09:39:27.564508,Raspberry_Relieve2,25.681730259896472,-100.31649939370907,12.4,2.13,32.72,26.41,98.8,262,0.42,23.7,6.05,112.86,270,31,40,5.01,0.049834,0.304326
2026-07-16T09:39:28.014191,Raspberry_Relieve5,25.684964539002895,-100.31941065678907,13.32,1.66,31.19,22.11,97.2,177,1.9,23.98,3.55,148.01,347,34,30,5.01,0.043257,0.239331
2026-07-16T09:39:28.527627,Raspberry_Relieve10,25.69041643316191,-100.31354304048278,12.65,3.42,58.11,43.26,87.3,248,0.23,24.0,3.93,176.09,236,36,35,5.01,0.049531,0.352378
2026-07-16T09:39:29.032762,Raspberry_Relieve8,25.685956173232686,-100.31496416998526,12.73,1.21,10.47,15.4,86.8,195,0.65,23.2,8.51,135.1,251,42,40,5.01,0.044644,0.321732
2026-07-16T09:39:29.527937,Raspberry_Relieve4,25.691514203924577,-100.31634740348514,13.4,1.09,37.41,14.61,81.8,127,0.25,23.37,3.69,123.24,213,33,30,5.01,0.024992,0.187339
2026-07-16T09:39:29.616108,Raspberry_Relieve11,25.68273032849055,-100.31245648271958,13.46,1.87,22.2,25.17,90.6,190,0.85,23.31,3.94,85.15,288,33,45,5.01,0.046991,0.386239
2026-07-16T09:39:30.031543,Raspberry_Relieve3,25.684877339692196,-100.3129853872854,13.14,3.35,22.8,44.02,92.9,157,0.47,24.72,6.08,223.76,204,39,35,5.01,0.065797,0.329604
2026-07-16T09:39:30.542896,Raspberry_Relieve12,25.690637588091118,-100.31352496608997,12.66,3.41,52.33,43.17,80.3,274,0.42,24.03,8.43,213.86,367,40,40,5.01,0.046914,0.354914
2026-07-16T09:39:31.019136,Raspberry_Relieve6,25.68436874230095,-100.31596260445335,12.95,4.97,29.88,64.36,87.8,232,1.69,24.24,9.43,50.59,224,40,30,5.01,0.076672,0.294045
2026-07-16T09:39:31.108605,Raspberry_Relieve1,25.687178891263756,-100.31113911692286,12.67,2.81,38.0,35.6,88.7,236,1.73,23.47,5.72,54.44,398,32,45,5.01,0.069416,0.470792
2026-07-16T09:39:31.524726,Raspberry_Relieve9,25.688629447463455,-100.31446840030978,12.59,1.06,59.81,13.35,84.8,215,0.67,23.36,7.18,192.79,323,36,35,5.01,0.046996,0.326729
2026-07-16T09:39:32.032965,Raspberry_Relieve7,25.68813900229726,-100.31925017490377,12.05,3.21,34.71,38.68,81.6,234,1.78,23.15,9.66,123.8,364,32,40,5.01,0.055771,0.437181
2026-07-16T09:39:32.572775,Raspberry_Relieve2,25.69100390167476,-100.31178767482741,12.91,4.38,17.72,56.55,87.1,231,0.4,24.19,5.39,121.3,184,42,45,5.01,0.057708,0.362034
2026-07-16T09:39:33.020537,Raspberry_Relieve5,25.68538994911922,-100.31738948228424,12.0,1.68,16.3,20.16,87.6,147,0.67,24.32,4.13,60.52,400,43,35,5.02,0.029448,0.268779
2026-07-16T09:39:33.535310,Raspberry_Relieve10,25.69019836647885,-100.3125853052042,12.71,3.2,16.57,40.67,94.5,242,1.05,24.19,2.81,133.14,232,36,40,5.01,0.058378,0.410756
2026-07-16T09:39:34.042885,Raspberry_Relieve8,25.68820315854411,-100.31764818792628,12.26,2.33,39.8,28.57,91.8,237,1.1,24.01,5.15,111.77,397,43,45,5.01,0.030592,0.352325
2026-07-16T09:39:34.535525,Raspberry_Relieve4,25.685835243007567,-100.320182196508,13.49,1.29,59.63,17.4,88.4,247,1.18,23.12,7.42,181.14,314,40,35,5.01,0.02226,0.209598
2026-07-16T09:39:34.627198,Raspberry_Relieve11,25.6826907575865,-100.31337405307912,12.42,4.45,46.93,55.27,98.0,222,1.51,24.03,5.29,130.65,186,37,50,5.01,0.055957,0.442196
2026-07-16T09:39:35.037260,Raspberry_Relieve3,25.68974537069927,-100.31162506836682,12.17,2.46,32.29,29.94,86.1,160,1.65,23.46,6.43,143.51,289,34,40,5.01,0.051413,0.381018
2026-07-16T09:39:35.550916,Raspberry_Relieve12,25.682666515743634,-100.3183062602277,12.35,1.13,12.54,13.96,98.6,282,1.76,24.01,8.75,65.16,194,41,45,5.01,0.039729,0.394643
2026-07-16T09:39:36.028833,Raspberry_Relieve6,25.690539082066664,-100.31969391990184,13.26,3.92,45.05,51.98,90.3,198,0.85,24.72,9.06,221.31,348,37,35,5.01,0.080905,0.37495
2026-07-16T09:39:36.124874,Raspberry_Relieve1,25.68897149598451,-100.31379753418116,12.03,1.65,37.36,19.85,84.4,181,1.09,23.65,3.87,226.81,173,37,50,5.01,0.038606,0.509398
2026-07-16T09:39:36.544434,Raspberry_Relieve9,25.682045419595962,-100.31420724118945,12.63,2.02,55.42,25.51,88.8,254,0.32,24.47,7.28,220.73,183,34,40,5.02,0.027073,0.353802
2026-07-16T09:39:37.050886,Raspberry_Relieve7,25.688327890945207,-100.31715673775042,13.22,1.6,35.08,21.15,83.6,236,0.97,24.72,5.67,179.5,249,31,45,5.01,0.041668,0.478848
2026-07-16T09:39:37.580281,Raspberry_Relieve2,25.690709375646822,-100.31694440424643,13.48,3.75,47.1,50.55,85.5,192,0.98,23.37,3.2,61.7,299,42,50,5.01,0.074487,0.436521
2026-07-16T09:39:38.039669,Raspberry_Relieve5,25.69013343727671,-100.31623987822108,12.47,1.63,48.95,20.33,97.5,150,0.16,23.86,2.87,65.6,200,41,40,5.01,0.02817,0.296949
2026-07-16T09:39:38.544949,Raspberry_Relieve10,25.68989682439659,-100.31622042350241,12.47,4.82,31.87,60.11,97.0,298,1.7,23.71,5.16,163.15,287,41,45,5.01,0.07013,0.480887
2026-07-16T09:39:39.049937,Raspberry_Relieve8,25.687584009247857,-100.32031626455628,12.33,3.28,13.9,40.44,84.8,155,1.07,24.72,8.83,108.26,211,45,50,5.01,0.047988,0.400313
2026-07-16T09:39:39.540668,Raspberry_Relieve4,25.68579021279594,-100.31303397288144,13.45,3.13,25.2,42.1,98.6,270,1.81,24.36,6.92,69.83,286,41,40,5.0,0.04136,0.250959
2026-07-16T09:39:39.634094,Raspberry_Relieve11,25.684085729889397,-100.31183245410759,12.58,1.99,49.21,25.03,98.5,154,1.33,23.38,3.47,187.96,232,34,55,5.01,0.055832,0.498028
2026-07-16T09:39:40.042983,Raspberry_Relieve3,25.688923720337115,-100.32004444559821,12.18,1.28,21.53,15.59,92.4,237,1.97,23.1,5.54,100.89,325,34,45,5.01,0.031655,0.412673
2026-07-16T09:39:40.557343,Raspberry_Relieve12,25.68227153754914,-100.31353869985136,13.27,2.67,33.28,35.43,93.5,292,0.22,24.11,4.82,241.32,368,32,50,5.01,0.034369,0.429011
2026-07-16T09:39:41.034743,Raspberry_Relieve6,25.68402384806179,-100.31841643228631,12.75,1.23,33.35,15.68,83.0,265,1.16,24.77,6.66,73.46,157,40,40,5.01,0.047041,0.421991
2026-07-16T09:39:41.131321,Raspberry_Relieve1,25.684259309465983,-100.31329511253257,13.34,4.93,27.6,65.77,98.1,267,0.4,24.57,5.9,247.74,312,34,55,5.01,0.059543,0.56894
2026-07-16T09:39:41.552608,Raspberry_Relieve9,25.68736847683156,-100.31163489270556,12.73,3.33,15.76,42.39,99.0,268,0.11,24.75,3.56,168.0,231,40,45,5.01,0.047236,0.401038
2026-07-16T09:39:42.056441,Raspberry_Relieve7,25.688594313308517,-100.31592141250756,12.95,4.75,16.34,61.51,88.9,237,1.86,23.51,7.37,130.03,321,42,50,5.01,0.057477,0.536326
2026-07-16T09:39:42.588489,Raspberry_Relieve2,25.6896406522712,-100.31363845905658,12.68,4.4,28.94,55.79,92.4,207,0.2,23.54,8.2,242.7,385,41,55,5.01,0.073975,0.510496
2026-07-16T09:39:43.044728,Raspberry_Relieve5,25.68562940851737,-100.3125699620496,12.13,4.12,41.38,49.98,82.7,222,0.41,24.88,9.29,147.18,343,31,45,5.01,0.04887,0.345819
2026-07-16T09:39:43.553842,Raspberry_Relieve10,25.684242638663264,-100.31603322889556,12.91,2.96,52.2,38.21,97.9,172,1.33,24.72,4.74,209.31,375,38,50,5.01,0.068392,0.549279
2026-07-16T09:39:44.056031,Raspberry_Relieve8,25.686041280362293,-100.31831444943899,12.06,1.19,18.87,14.35,84.5,214,0.39,24.4,2.98,209.62,154,35,55,5.01,0.038138,0.438451
2026-07-16T09:39:44.546903,Raspberry_Relieve4,25.68897933370853,-100.31183858174902,12.66,3.35,57.66,42.41,87.0,183,1.72,24.64,6.27,188.76,234,32,45,5.01,0.058787,0.309745
2026-07-16T09:39:44.639797,Raspberry_Relieve11,25.682633925244147,-100.31301674298905,12.91,2.87,35.45,37.05,90.4,165,1.49,23.92,9.48,110.27,259,43,60,5.01,0.043198,0.541226
2026-07-16T09:39:45.049948,Raspberry_Relieve3,25.682657086842475,-100.3136501294833,13.49,2.28,39.21,30.76,80.9,144,1.71,23.1,2.93,185.64,308,34,50,5.01,0.032258,0.444931
2026-07-16T09:39:45.570372,Raspberry_Relieve12,25.68273235201828,-100.31387431136142,13.3,3.36,59.25,44.69,91.1,131,1.47,24.23,8.35,226.8,175,42,55,5.01,0.055754,0.484766
2026-07-16T09:39:46.040134,Raspberry_Relieve6,25.691328967370744,-100.32063268044709,13.0,3.08,52.07,40.04,90.1,252,0.4,24.35,9.37,246.92,383,38,45,5.01,0.038738,0.460728
2026-07-16T09:39:46.137351,Raspberry_Relieve1,25.687123746639738,-100.31489652311313,13.49,1.55,26.0,20.91,92.6,135,1.77,23.49,2.77,75.46,247,36,60,5.01,0.060261,0.629201
2026-07-16T09:41:27.000872,Raspberry_Relieve11,25.689115699311152,-100.31456937656314,12.36,1.33,35.98,16.44,87.9,226,1.81,23.23,2.17,187.05,328,45,0,,,0.0
2026-07-16T09:41:28.501743,Raspberry_Relieve1,25.685988300267585,-100.31217269911619,12.78,2.2,44.54,28.12,86.1,132,0.4,23.02,4.54,185.86,155,44,0,,,0.0
2026-07-16T09:41:30.002151,Raspberry_Relieve7,25.689837120986557,-100.31943187177446,13.17,1.53,14.78,20.15,98.3,243,0.53,24.15,8.8,180.58,279,36,0,,,0.0
2026-07-16T09:41:31.502275,Raspberry_Relieve8,25.691038173897713,-100.31733286083434,13.33,2.3,34.59,30.66,85.0,269,0.96,24.25,7.59,109.26,218,32,0,,,0.0
2026-07-16T09:43:56.048238,Raspberry_Relieve8,25.682325036096096,-100.31149168442532,13.4,1.98,23.49,26.53,93.0,215,1.09,24.21,9.39,92.58,387,32,144,,,0.0
2026-07-16T09:43:57.549041,Raspberry_Relieve4,25.688926430963203,-100.32052826158726,12.24,2.55,31.73,31.21,81.2,284,1.67,23.03,9.23,201.66,252,37,0,,,0.0
2026-07-16T09:43:59.049335,Raspberry_Relieve6,25.690788464245664,-100.31680476849277,12.74,4.1,59.93,52.23,89.2,128,1.1,23.35,6.2,53.84,168,42,0,,,0.0
2026-07-16T09:44:00.549571,Raspberry_Relieve5,25.687369996074207,-100.31735680258842,13.0,3.64,33.19,47.32,80.5,200,1.12,23.69,6.61,78.66,206,44,0,,,0.0
2026-07-16T09:44:01.063290,Raspberry_Relieve8,25.682856599725454,-100.32061335801612,12.32,4.2,50.67,51.74,89.7,244,0.92,24.93,8.51,139.51,185,39,149,5.01,0.054454,0.054454
2026-07-16T09:44:02.052724,Raspberry_Relieve3,25.68275129905402,-100.31333344283344,13.11,2.17,55.44,28.45,80.4,265,1.57,24.14,2.7,80.1,269,33,0,,,0.0
2026-07-16T09:44:02.559310,Raspberry_Relieve4,25.68553595811472,-100.31926810644846,12.51,3.98,23.99,49.79,91.0,163,0.27,23.56,3.8,241.59,201,45,5,,,0.0
2026-07-16T09:44:03.552951,Raspberry_Relieve2,25.689110599907817,-100.31748472166474,13.45,3.17,34.63,42.64,88.1,171,1.39,24.13,6.42,104.16,352,31,0,,,0.0
2026-07-16T09:44:04.056635,Raspberry_Relieve6,25.682647079852046,-100.31625061024161,13.28,2.45,51.43,32.54,92.0,242,1.11,23.83,4.78,123.81,329,40,5,,,0.0
2026-07-16T09:44:05.053609,Raspberry_Relieve1,25.689849760020422,-100.31449499226852,13.3,1.79,47.21,23.81,92.4,273,1.29,24.25,3.53,146.04,355,41,156,,,0.0
2026-07-16T09:44:05.557233,Raspberry_Relieve5,25.68566311761768,-100.31713458446212,13.03,3.57,57.7,46.52,91.8,251,1.34,24.57,6.29,244.86,227,34,5,,,0.0
2026-07-16T09:44:06.073916,Raspberry_Relieve8,25.6819091072745,-100.31974613588672,12.38,3.04,48.47,37.64,91.2,286,0.2,23.41,9.14,144.64,385,45,154,5.01,0.0622,0.116653
2026-07-16T09:44:06.554002,Raspberry_Relieve12,25.690123359734166,-100.3125087574935,12.93,2.05,29.74,26.51,85.0,236,0.66,24.12,9.98,75.28,279,34,0,,,0.0
2026-07-16T09:44:07.060895,Raspberry_Relieve3,25.690010944611377,-100.32070262453985,12.47,2.55,26.78,31.8,80.6,120,1.13,23.9,3.79,84.08,272,37,5,,,0.0
2026-07-16T09:44:07.567565,Raspberry_Relieve4,25.68360369889239,-100.32072064961174,12.35,1.55,30.67,19.14,83.6,158,0.36,23.23,7.91,188.21,223,38,10,5.01,0.047937,0.047937
2026-07-16T09:44:08.054556,Raspberry_Relieve10,25.687254329351024,-100.32103773600582,12.4,2.44,32.04,30.26,81.0,196,1.9,24.69,8.69,196.26,157,33,0,,,0.0
2026-07-16T09:44:08.560028,Raspberry_Relieve2,25.690742566656795,-100.31680952424927,12.8,3.01,10.86,38.53,81.0,181,1.65,24.5,4.67,233.85,364,40,5,,,0.0
2026-07-16T09:44:09.062427,Raspberry_Relieve6,25.683479840620844,-100.31508185405706,12.49,2.68,33.37,33.47,94.5,123,0.43,24.32,3.48,206.88,301,45,10,5.01,0.045904,0.045904
2026-07-16T09:44:09.556672,Raspberry_Relieve9,25.68466372771235,-100.31726308734375,13.33,4.2,50.74,55.99,88.4,272,1.13,24.34,2.02,53.8,234,36,0,,,0.0
2026-07-16T09:44:10.059640,Raspberry_Relieve1,25.687973686275537,-100.31135713020679,13.09,2.47,45.75,32.33,87.1,137,1.57,24.55,5.92,176.88,216,34,161,5.01,0.039048,0.039048
2026-07-16T09:44:10.569379,Raspberry_Relieve5,25.688110908609147,-100.31263002183215,13.1,1.09,11.29,14.28,86.6,137,1.87,24.01,6.56,215.1,293,39,10,5.01,0.042315,0.042315
2026-07-16T09:44:11.056922,Raspberry_Relieve7,25.685734385157378,-100.31419763301588,12.28,1.84,23.4,22.6,95.8,219,0.24,23.52,5.15,226.56,161,36,161,,,0.0
2026-07-16T09:44:11.085121,Raspberry_Relieve8,25.6905901784661,-100.31331173470706,13.49,1.77,23.69,23.88,94.6,172,0.95,23.22,4.11,71.74,205,41,159,5.01,0.042819,0.159472
2026-07-16T09:44:11.559308,Raspberry_Relieve12,25.68914419370195,-100.31534489725932,12.02,4.4,58.12,52.89,93.9,182,1.9,24.53,5.26,71.83,205,30,5,,,0.0
2026-07-16T09:44:12.069664,Raspberry_Relieve3,25.681953268080797,-100.32017931425104,12.1,2.04,34.36,24.68,91.8,174,1.65,24.4,7.99,171.77,397,45,10,5.01,0.039286,0.039286
2026-07-16T09:44:12.557327,Raspberry_Relieve11,25.688200008798525,-100.31841066747629,12.27,3.83,11.93,46.99,85.2,300,0.31,23.85,4.37,165.16,329,44,165,,,0.0
2026-07-16T09:44:12.575416,Raspberry_Relieve4,25.683840188607558,-100.31437147504559,12.77,1.57,34.71,20.05,89.1,126,1.31,24.99,9.48,90.23,270,31,15,5.01,0.02727,0.075207
2026-07-16T09:44:13.060853,Raspberry_Relieve10,25.687368543474747,-100.31567861911405,13.22,3.25,17.4,42.97,94.8,297,1.41,23.92,9.52,195.19,351,32,5,,,0.0
2026-07-16T09:44:13.567939,Raspberry_Relieve2,25.689407148946696,-100.31902000868367,12.05,1.07,14.48,12.89,99.6,248,1.27,24.25,7.4,78.85,360,31,10,5.01,0.035762,0.035762
2026-07-16T09:44:14.071265,Raspberry_Relieve6,25.68376044011152,-100.31208099522473,12.82,4.96,58.52,63.59,82.4,159,0.92,23.86,9.84,168.9,202,43,15,5.01,0.067513,0.113417
2026-07-16T09:44:14.564486,Raspberry_Relieve9,25.690694528747322,-100.32062202794673,12.84,4.52,58.67,58.04,87.9,275,1.22,23.58,9.51,143.89,333,38,5,,,0.0
2026-07-16T09:44:15.067690,Raspberry_Relieve1,25.686568870068665,-100.31211574776329,12.86,1.55,44.15,19.93,80.4,239,1.23,23.03,6.64,135.47,374,31,166,5.01,0.03634,0.075388
2026-07-16T09:44:15.575036,Raspberry_Relieve5,25.687012599917697,-100.31712861446492,12.39,1.32,37.13,16.35,97.9,219,0.8,24.35,7.05,247.33,248,45,15,5.01,0.021313,0.063628
2026-07-16T09:44:16.064819,Raspberry_Relieve7,25.684928791551364,-100.31118710637874,12.29,3.02,21.36,37.12,88.3,300,1.19,23.51,9.48,181.64,303,30,166,5.01,0.041533,0.041533
2026-07-16T09:44:16.094097,Raspberry_Relieve8,25.682173161488272,-100.31172041788169,13.4,4.1,22.13,54.94,86.7,268,1.64,24.26,4.12,189.6,397,43,164,5.01,0.054841,0.214314
2026-07-16T09:44:16.568130,Raspberry_Relieve12,25.686519098241902,-100.31791928316063,13.45,3.05,28.35,41.02,82.6,173,0.43,24.45,6.15,243.84,289,35,10,5.01,0.06531,0.06531
2026-07-16T09:44:17.075633,Raspberry_Relieve3,25.68615067598731,-100.3128615348164,12.26,1.03,34.47,12.63,98.9,159,0.74,24.56,5.57,164.91,201,32,15,5.01,0.025944,0.065229
2026-07-16T09:44:17.566782,Raspberry_Relieve11,25.690891235620498,-100.31873644988865,12.38,1.18,17.12,14.61,94.5,273,0.94,24.64,6.81,122.56,378,41,170,5.01,0.042875,0.042875
2026-07-16T09:44:17.584189,Raspberry_Relieve4,25.689513079524303,-100.3189010064073,12.04,2.62,39.11,31.54,83.3,131,1.28,24.57,7.09,75.36,276,37,20,5.01,0.035879,0.111086
2026-07-16T09:44:18.068465,Raspberry_Relieve10,25.688245164126105,-100.31985993665769,13.46,1.76,46.18,23.69,86.5,281,0.43,23.58,6.35,124.08,361,44,10,5.01,0.046373,0.046373
2026-07-16T09:44:18.575491,Raspberry_Relieve2,25.690494569297833,-100.32107589115515,12.98,4.37,33.39,56.72,88.0,254,1.62,24.62,9.22,84.27,320,43,15,5.01,0.04842,0.084182
2026-07-16T09:44:19.084002,Raspberry_Relieve6,25.681646148101933,-100.31837281322944,12.81,1.59,49.21,20.37,97.6,252,1.85,23.04,5.21,234.75,275,31,20,5.01,0.058475,0.171892
2026-07-16T09:44:19.571732,Raspberry_Relieve9,25.690692342811605,-100.31495096822702,13.3,3.34,33.21,44.42,90.6,256,0.17,23.31,9.55,193.86,376,34,10,5.01,0.071268,0.071268
2026-07-16T09:44:20.075425,Raspberry_Relieve1,25.688935176055868,-100.31403880534675,12.38,2.68,13.11,33.18,97.0,247,1.81,23.22,8.79,165.14,381,43,171,5.01,0.036939,0.112326
2026-07-16T09:44:20.585531,Raspberry_Relieve5,25.68573865362751,-100.31727847900248,12.88,3.82,42.84,49.2,97.3,284,0.7,23.41,4.57,112.42,200,42,20,5.01,0.045597,0.109225
2026-07-16T09:44:21.071315,Raspberry_Relieve7,25.682709794000033,-100.31934306125574,12.87,3.08,40.87,39.64,82.8,273,0.92,24.48,3.84,244.55,294,35,171,5.01,0.05337,0.094903
2026-07-16T09:44:21.101792,Raspberry_Relieve8,25.691210341084407,-100.31369172219493,13.24,2.77,57.46,36.67,94.7,154,0.64,23.09,7.25,60.56,182,32,169,5.01,0.063719,0.278033
2026-07-16T09:44:21.576669,Raspberry_Relieve12,25.691439077688496,-100.31679222908818,12.79,1.68,42.03,21.49,89.8,125,0.34,24.59,2.38,90.48,184,42,15,5.01,0.043478,0.108788
2026-07-16T09:44:22.081722,Raspberry_Relieve3,25.68946707131755,-100.31196278209272,12.49,4.97,20.46,62.08,81.3,130,1.77,23.99,5.64,81.11,302,42,20,5.01,0.051937,0.117167
2026-07-16T09:44:22.576827,Raspberry_Relieve11,25.686007005224397,-100.317980581368,12.68,2.25,20.61,28.53,97.1,186,1.56,24.79,3.93,210.73,270,39,175,5.01,0.03,0.072875
2026-07-16T09:44:22.595313,Raspberry_Relieve4,25.690594599056663,-100.3140628125833,12.69,3.6,43.5,45.68,94.5,149,1.22,24.9,2.06,144.99,206,39,25,5.01,0.053755,0.164841
2026-07-16T09:44:23.076881,Raspberry_Relieve10,25.68547955769162,-100.31702882846363,12.14,2.04,22.89,24.77,88.0,264,1.69,24.98,4.71,90.38,263,41,15,5.01,0.033696,0.08007
2026-07-16T09:44:23.581673,Raspberry_Relieve2,25.69150185766408,-100.32060356750097,12.26,4.94,58.41,60.56,89.6,229,1.82,24.06,6.75,228.72,197,39,20,5.01,0.081562,0.165744
2026-07-16T09:44:24.092978,Raspberry_Relieve6,25.68515983884332,-100.31954796814989,12.37,4.15,56.77,51.34,82.3,148,0.43,23.75,4.73,217.87,242,45,25,5.01,0.049887,0.22178
2026-07-16T09:44:24.579687,Raspberry_Relieve9,25.689621391521918,-100.31188312463256,12.89,3.5,51.95,45.12,82.4,252,1.82,23.48,7.16,111.74,399,31,15,5.01,0.062281,0.133548
2026-07-16T09:44:25.080928,Raspberry_Relieve1,25.68843226916426,-100.32039431465675,13.29,3.04,37.5,40.4,99.5,256,1.41,23.59,9.28,146.66,339,31,176,5.01,0.05117,0.163497
2026-07-16T09:44:25.592210,Raspberry_Relieve5,25.6823330509523,-100.3189273725834,12.91,3.82,34.88,49.32,83.0,139,0.72,24.91,6.58,190.3,369,30,25,5.01,0.068494,0.177719
2026-07-16T09:44:26.076802,Raspberry_Relieve7,25.686974105139186,-100.320239511355,12.07,3.13,30.09,37.78,94.2,138,0.97,24.74,6.69,184.29,287,35,176,5.01,0.05387,0.148773
2026-07-16T09:44:26.111489,Raspberry_Relieve8,25.682469055081633,-100.31958628694247,12.1,1.72,40.1,20.81,96.8,207,0.69,24.96,3.39,135.6,210,43,174,5.02,0.040055,0.318088
2026-07-16T09:44:26.585357,Raspberry_Relieve12,25.681777912678548,-100.3137694117252,12.38,2.21,38.59,27.36,83.8,186,1.1,23.26,7.51,146.48,211,37,20,5.01,0.033975,0.142763
2026-07-16T09:44:27.087741,Raspberry_Relieve3,25.69140482111265,-100.32052908133628,12.21,3.76,52.88,45.91,83.4,270,1.81,24.51,3.07,60.88,165,44,25,5.01,0.075078,0.192244
2026-07-16T09:44:27.583055,Raspberry_Relieve11,25.686206747472372,-100.32064327887214,12.66,4.12,36.36,52.16,83.4,277,1.18,24.74,8.95,87.6,324,33,180,5.01,0.0561,0.128975
2026-07-16T09:44:27.602476,Raspberry_Relieve4,25.68858083268197,-100.31512143986718,13.38,4.73,58.22,63.29,99.3,266,0.75,24.01,8.59,79.02,303,32,30,5.01,0.075766,0.240607
2026-07-16T09:44:28.085129,Raspberry_Relieve10,25.68888618898073,-100.31405874555628,12.12,3.97,47.81,48.12,94.4,191,0.71,23.47,6.72,122.76,386,35,20,5.01,0.050687,0.130757
2026-07-16T09:44:28.589691,Raspberry_Relieve2,25.690559536613197,-100.31149023034209,13.48,3.91,51.65,52.71,93.3,267,1.54,24.78,8.24,69.04,324,38,25,5.01,0.078814,0.244557
2026-07-16T09:44:29.103328,Raspberry_Relieve6,25.691074365515096,-100.31443571235438,13.44,3.61,25.0,48.52,91.2,286,1.76,24.18,5.38,152.51,373,33,30,5.01,0.069453,0.291232
2026-07-16T09:44:29.586412,Raspberry_Relieve9,25.686055888253133,-100.31487978720027,13.37,2.11,24.18,28.21,96.1,162,1.66,24.15,8.2,76.97,224,42,20,5.01,0.050977,0.184525
2026-07-16T09:44:30.088405,Raspberry_Relieve1,25.691316270957685,-100.32073313505101,13.15,3.43,15.62,45.1,89.1,126,0.94,24.05,6.0,199.43,250,42,181,5.01,0.059451,0.222947
2026-07-16T09:44:30.603531,Raspberry_Relieve5,25.687543795648534,-100.31385722674577,12.45,4.49,49.39,55.9,93.6,122,0.4,23.82,3.88,232.77,289,42,30,5.01,0.073234,0.250953
2026-07-16T09:44:31.088869,Raspberry_Relieve7,25.687722011656497,-100.32090850763416,12.19,4.73,52.68,57.66,87.4,165,1.33,24.58,6.7,68.3,254,30,181,5.01,0.066389,0.215163
2026-07-16T09:44:31.130176,Raspberry_Relieve8,25.684170690751596,-100.31362116186355,12.79,2.03,16.99,25.96,96.2,197,1.74,24.67,3.59,175.73,217,32,179,5.02,0.032598,0.350686
2026-07-16T09:44:31.591223,Raspberry_Relieve12,25.68299483110579,-100.31236237715605,12.61,2.59,36.47,32.66,84.9,284,1.14,24.14,5.68,139.01,247,33,25,5.01,0.041745,0.184508
2026-07-16T09:44:32.094362,Raspberry_Relieve3,25.683033510381087,-100.31233541958325,12.85,3.64,43.47,46.77,86.5,199,0.31,24.47,9.11,109.64,193,38,30,5.01,0.064462,0.256707
2026-07-16T09:44:32.588888,Raspberry_Relieve11,25.69050259129848,-100.3180420126122,13.45,4.05,35.19,54.47,89.4,222,0.19,24.36,4.97,178.72,327,30,185,5.01,0.074132,0.203107
2026-07-16T09:44:32.612159,Raspberry_Relieve4,25.68390074470539,-100.31623195806445,12.43,4.03,29.55,50.09,98.5,215,0.88,24.41,3.06,160.22,182,39,35,5.01,0.078881,0.319488
2026-07-16T09:44:33.091266,Raspberry_Relieve10,25.68553317465885,-100.31866734923345,12.02,4.03,11.5,48.44,91.0,200,1.2,23.03,8.57,97.29,156,38,25,5.01,0.067133,0.19789
2026-07-16T09:44:33.599303,Raspberry_Relieve2,25.683466686739713,-100.31895470494074,12.25,1.17,28.54,14.33,93.8,255,1.24,24.74,9.07,150.38,397,37,30,5.01,0.046623,0.29118
2026-07-16T09:44:34.110721,Raspberry_Relieve6,25.689792140256234,-100.31948963290084,12.0,1.16,45.63,13.92,85.5,269,0.65,24.78,2.97,58.96,218,33,35,5.01,0.043418,0.334651
2026-07-16T09:44:34.597605,Raspberry_Relieve9,25.68521316019776,-100.31332509628868,12.94,4.52,38.44,58.49,84.8,158,0.44,24.75,8.54,60.5,229,38,25,5.01,0.060339,0.244864
2026-07-16T09:44:35.099852,Raspberry_Relieve1,25.682405250702573,-100.31832637124765,12.25,4.05,42.11,49.61,86.0,232,1.59,23.95,9.12,86.58,154,38,186,5.01,0.065961,0.288908
2026-07-16T09:44:35.613621,Raspberry_Relieve5,25.685609936403527,-100.31769056041308,12.69,3.29,12.92,41.75,93.3,124,1.53,23.24,8.58,55.51,295,36,35,5.02,0.068027,0.318981
2026-07-16T09:44:36.096678,Raspberry_Relieve7,25.682772620734323,-100.31584923911957,13.38,3.47,18.97,46.43,99.0,209,1.53,23.9,4.22,219.54,375,45,186,5.01,0.0724,0.287562
2026-07-16T09:44:36.146136,Raspberry_Relieve8,25.685469152252534,-100.31782755722985,12.61,1.34,25.36,16.9,84.1,175,1.46,23.85,2.55,170.97,179,38,184,5.02,0.029864,0.380549
2026-07-16T09:44:36.602716,Raspberry_Relieve12,25.687720061393225,-100.3116786818034,12.44,1.01,48.24,12.56,80.0,291,1.46,23.44,3.1,141.39,393,33,30,5.01,0.031492,0.216
2026-07-16T09:44:37.102185,Raspberry_Relieve3,25.69108496357495,-100.316350673336,12.82,2.82,55.6,36.15,80.5,258,1.95,23.32,2.11,170.35,324,38,35,5.01,0.057703,0.314409
2026-07-16T09:44:37.595909,Raspberry_Relieve11,25.685827935833863,-100.31882226327312,12.85,1.74,24.19,22.36,89.2,169,0.94,24.93,7.23,149.87,207,44,190,5.01,0.053447,0.256554
2026-07-16T09:44:37.617457,Raspberry_Relieve4,25.686999124266098,-100.31552388774904,12.13,2.03,44.54,24.62,88.7,182,1.1,23.05,5.13,123.61,369,36,40,5.01,0.051979,0.371467
2026-07-16T09:44:38.098531,Raspberry_Relieve10,25.682465173697704,-100.31145838201613,12.76,3.99,42.95,50.91,83.7,175,0.64,24.16,6.69,133.1,172,35,30,5.01,0.069119,0.267009
2026-07-16T09:44:38.606108,Raspberry_Relieve2,25.685575370410103,-100.32019693374451,13.5,3.12,21.62,42.12,99.7,292,1.78,24.01,2.56,210.63,232,32,35,5.01,0.039274,0.330454
2026-07-16T09:44:39.117276,Raspberry_Relieve6,25.682275892681087,-100.31331157765841,12.08,1.83,40.4,22.11,98.5,178,0.19,23.94,5.09,54.95,216,32,40,5.01,0.025082,0.359732
2026-07-16T09:44:39.603081,Raspberry_Relieve9,25.687100479211356,-100.31858881345586,13.11,2.66,36.23,34.87,84.1,290,0.91,24.78,2.33,72.84,250,43,30,5.01,0.064942,0.309806
2026-07-16T09:44:40.116430,Raspberry_Relieve1,25.68268970967918,-100.31852244309113,13.13,1.95,54.88,25.6,96.8,213,0.28,24.89,4.93,105.21,357,37,191,5.02,0.05239,0.341298
2026-07-16T09:44:40.627186,Raspberry_Relieve5,25.68757622402582,-100.31509997542683,13.17,3.41,34.12,44.91,82.9,171,0.44,24.14,5.33,200.46,359,38,40,5.01,0.060266,0.379247
2026-07-16T09:44:41.108951,Raspberry_Relieve7,25.686983465831677,-100.31578267389577,13.33,1.65,48.89,21.99,81.6,125,1.81,24.9,5.81,96.95,178,34,191,5.01,0.047618,0.33518
2026-07-16T09:44:41.161329,Raspberry_Relieve8,25.68770167060386,-100.31499761166589,12.84,3.36,13.87,43.14,82.6,160,1.81,23.67,4.72,200.96,153,31,189,5.01,0.04175,0.422299
2026-07-16T09:44:41.616747,Raspberry_Relieve12,25.68183537836673,-100.31213436630678,12.32,3.43,35.76,42.26,98.1,150,1.41,23.8,3.25,223.93,242,36,35,5.01,0.038147,0.254146
2026-07-16T09:44:42.112714,Raspberry_Relieve3,25.681987309012904,-100.31668940248696,13.08,2.01,41.09,26.29,97.8,182,0.79,24.97,8.57,102.71,315,38,40,5.01,0.043425,0.357835
2026-07-16T09:44:42.607260,Raspberry_Relieve11,25.684184616450818,-100.32046897608444,12.37,2.57,25.0,31.79,87.7,185,0.23,23.74,7.95,114.19,254,39,195,5.01,0.037677,0.294231
2026-07-16T09:44:42.647719,Raspberry_Relieve4,25.683478193623433,-100.31408155993378,12.16,2.43,27.95,29.55,93.3,240,1.72,23.26,3.03,171.17,271,39,45,5.03,0.037831,0.409297
2026-07-16T09:44:43.107066,Raspberry_Relieve10,25.685662260309137,-100.3160704011818,12.79,3.27,52.71,41.82,93.1,160,1.96,23.31,8.19,66.04,219,30,35,5.01,0.064491,0.3315
2026-07-16T09:44:43.617048,Raspberry_Relieve2,25.687097107608487,-100.31959955332158,12.03,3.52,10.25,42.35,84.0,260,1.66,23.0,6.65,230.85,230,37,40,5.01,0.058756,0.38921
2026-07-16T09:44:44.134452,Raspberry_Relieve6,25.682726618873385,-100.3138499458447,12.21,2.91,33.04,35.53,91.0,220,0.42,24.89,5.49,98.25,398,36,45,5.01,0.040112,0.399844
2026-07-16T09:44:44.616242,Raspberry_Relieve9,25.689597024088215,-100.318782320102,12.73,2.05,31.02,26.1,91.3,248,1.98,24.07,4.2,130.58,162,36,35,5.01,0.042428,0.352234
2026-07-16T09:44:45.127203,Raspberry_Relieve1,25.68538628339416,-100.3129409214859,12.72,3.7,34.28,47.06,97.6,252,0.26,23.35,3.03,154.58,211,36,196,5.01,0.050558,0.391857
2026-07-16T09:44:45.633108,Raspberry_Relieve5,25.686278305562695,-100.31992801311839,13.1,1.23,47.33,16.11,93.5,297,1.99,23.31,5.51,233.64,244,38,45,5.01,0.042429,0.421676
2026-07-16T09:44:46.115318,Raspberry_Relieve7,25.688369531443033,-100.32027319336659,12.98,1.53,44.67,19.86,85.5,195,1.83,23.63,7.57,207.79,212,40,196,5.01,0.029103,0.364283
2026-07-16T09:44:46.166691,Raspberry_Relieve8,25.685393098143205,-100.31207303038555,13.02,3.46,22.14,45.05,89.0,142,1.57,23.58,8.85,128.46,266,30,194,5.01,0.061309,0.483608
2026-07-16T09:44:46.622204,Raspberry_Relieve12,25.684956607732243,-100.32109709525535,12.05,4.49,43.27,54.1,96.7,200,1.26,24.73,4.88,174.99,221,36,40,5.01,0.066988,0.321134
2026-07-16T09:44:47.119034,Raspberry_Relieve3,25.688253292198578,-100.31923046656556,13.04,3.49,45.23,45.51,85.1,241,0.47,24.93,6.03,152.29,235,32,45,5.01,0.049924,0.407758
2026-07-16T09:44:47.612383,Raspberry_Relieve11,25.691107751485784,-100.31403180740777,12.49,1.08,24.0,13.49,92.0,224,0.76,24.9,6.84,76.88,270,44,200,5.01,0.031477,0.325708
2026-07-16T09:44:47.655197,Raspberry_Relieve4,25.688663607753725,-100.31708253548037,12.16,4.52,53.38,54.96,87.7,171,0.3,24.98,7.72,216.71,284,44,50,5.01,0.058764,0.468062
2026-07-16T09:44:48.112829,Raspberry_Relieve10,25.690806284440082,-100.31506125163699,13.29,3.35,39.36,44.52,83.8,215,1.16,24.56,4.75,71.1,346,38,40,5.01,0.060031,0.391531
2026-07-16T09:44:48.623778,Raspberry_Relieve2,25.68640159545024,-100.31958472435171,13.1,4.5,54.29,58.95,90.5,206,0.41,23.29,3.87,233.53,330,34,45,5.01,0.070445,0.459655
2026-07-16T09:44:49.140277,Raspberry_Relieve6,25.68557489721609,-100.31956968938964,12.68,4.22,48.41,53.51,92.5,206,1.51,23.06,6.76,159.03,356,40,50,5.01,0.061916,0.46176
2026-07-16T09:44:49.621779,Raspberry_Relieve9,25.68335283379195,-100.31587881963617,12.3,2.23,10.48,27.43,84.7,214,0.77,23.53,7.36,146.96,361,32,40,5.01,0.037225,0.389459
2026-07-16T09:44:50.133860,Raspberry_Relieve1,25.682529544712636,-100.32032566500588,13.02,4.66,39.5,60.67,88.6,166,1.72,24.73,9.08,77.92,212,43,201,5.01,0.074915,0.466771
2026-07-16T09:44:50.639456,Raspberry_Relieve5,25.6853730422844,-100.31592955533765,12.72,1.96,19.34,24.93,84.2,189,1.77,23.23,5.14,230.54,294,40,50,5.01,0.028539,0.450215
2026-07-16T09:44:51.120624,Raspberry_Relieve7,25.683112745779873,-100.31757960151052,12.87,4.23,25.86,54.44,93.2,230,1.02,24.02,7.15,168.15,232,40,201,5.0,0.051647,0.41593
2026-07-16T09:44:51.171956,Raspberry_Relieve8,25.684633990615737,-100.319976422594,12.05,4.69,57.38,56.51,91.9,125,1.11,24.25,5.09,149.79,315,38,199,5.01,0.070607,0.554214
2026-07-16T09:44:51.627384,Raspberry_Relieve12,25.687439881478102,-100.31346908249871,12.97,2.81,10.47,36.45,90.9,200,1.59,24.69,7.37,175.69,323,40,45,5.01,0.06295,0.384084
2026-07-16T09:44:52.125369,Raspberry_Relieve3,25.68925589043442,-100.32011854944756,12.19,4.77,56.86,58.15,83.9,293,1.11,24.91,8.4,68.93,267,43,50,5.01,0.072084,0.479842
2026-07-16T09:44:52.617975,Raspberry_Relieve11,25.689510338523128,-100.3186371161328,12.25,4.23,23.2,51.82,87.2,138,1.89,24.24,5.05,164.86,293,31,205,5.01,0.0454,0.371109
2026-07-16T09:44:52.662932,Raspberry_Relieve4,25.6876056354528,-100.3148599091364,13.15,4.9,30.4,64.44,93.2,149,1.47,24.35,3.76,67.24,166,42,55,5.01,0.083039,0.5511
2026-07-16T09:44:53.119722,Raspberry_Relieve10,25.68837395330507,-100.3152900901096,12.65,4.13,53.45,52.24,90.4,146,1.83,24.47,8.8,119.9,185,31,45,5.01,0.06732,0.45885
2026-07-16T09:44:53.629970,Raspberry_Relieve2,25.688346847648763,-100.32091496856515,12.58,4.05,11.09,50.95,90.2,130,0.97,23.9,5.22,78.36,178,40,50,5.01,0.076433,0.536088
2026-07-16T09:44:54.146119,Raspberry_Relieve6,25.68511092936877,-100.31308854520003,13.31,1.57,59.82,20.9,96.7,266,0.3,23.98,7.42,175.0,360,41,55,5.01,0.051723,0.513483
2026-07-16T09:44:54.629026,Raspberry_Relieve9,25.687792366291838,-100.31133859489081,13.16,4.31,32.55,56.72,98.2,257,0.42,24.52,8.79,106.24,224,43,45,5.01,0.058502,0.447961
2026-07-16T09:44:55.138855,Raspberry_Relieve1,25.68671137389069,-100.31335713447416,12.26,4.11,36.83,50.39,83.1,154,0.17,24.88,7.93,239.96,203,39,206,5.01,0.077211,0.543982
2026-07-16T09:44:55.645162,Raspberry_Relieve5,25.681937473585776,-100.31126159839513,12.45,2.2,56.43,27.39,91.1,201,0.46,24.89,3.85,82.93,280,35,55,5.01,0.036374,0.48659
2026-07-16T09:44:56.127506,Raspberry_Relieve7,25.68762863775291,-100.31538834092795,13.31,3.3,24.86,43.92,82.4,245,1.03,24.07,6.37,188.62,283,45,206,5.01,0.068409,0.484339
2026-07-16T09:44:56.177437,Raspberry_Relieve8,25.683830408819357,-100.31539223716777,13.08,4.93,33.18,64.48,92.0,219,0.81,24.89,2.31,108.81,214,37,204,5.01,0.084123,0.638337
2026-07-16T09:44:56.632958,Raspberry_Relieve12,25.6872119416378,-100.31732302901399,12.06,4.49,46.04,54.15,96.2,253,1.64,24.64,5.04,50.42,249,33,50,5.01,0.06298,0.447064
2026-07-16T09:44:57.131112,Raspberry_Relieve3,25.68532626124929,-100.31543264922676,13.07,2.49,25.62,32.54,88.3,123,1.12,23.14,2.27,206.59,295,41,55,5.01,0.063044,0.542887
2026-07-16T09:44:57.624249,Raspberry_Relieve11,25.687033747743982,-100.3204437749578,12.12,4.07,11.65,49.33,85.9,142,1.88,23.55,7.78,200.06,328,42,210,5.01,0.070336,0.441444
2026-07-16T09:44:57.668650,Raspberry_Relieve4,25.689391437302437,-100.31969951017365,12.93,3.51,18.29,45.38,90.3,130,1.38,23.24,2.2,101.36,356,34,60,5.01,0.076358,0.627458
2026-07-16T09:44:58.128605,Raspberry_Relieve10,25.6831861080565,-100.31487345992232,12.76,4.89,15.52,62.4,96.5,141,1.96,24.15,9.94,56.45,395,41,50,5.01,0.079714,0.538564
2026-07-16T09:44:58.644556,Raspberry_Relieve2,25.683014086009766,-100.31748999457483,12.19,4.36,55.25,53.15,91.9,143,1.61,23.17,7.33,136.97,203,31,55,5.01,0.072475,0.608564
2026-07-16T09:44:59.151166,Raspberry_Relieve6,25.691281246716436,-100.31730665465128,12.24,2.7,39.01,33.05,82.5,297,1.43,24.46,3.61,155.18,191,44,60,5.01,0.037507,0.55099
2026-07-16T09:44:59.634286,Raspberry_Relieve9,25.685446126832332,-100.31276381348987,12.99,2.79,58.62,36.24,92.5,219,0.69,24.7,7.12,90.2,390,39,50,5.01,0.064624,0.512585
2026-07-16T09:45:00.145857,Raspberry_Relieve1,25.68731221126898,-100.31141443850424,13.19,1.52,55.69,20.05,84.0,287,1.16,24.95,4.12,51.58,284,42,211,5.01,0.048979,0.592961
2026-07-16T09:45:00.650580,Raspberry_Relieve5,25.685102214536006,-100.31419401735167,12.3,3.63,37.55,44.65,84.3,272,0.13,23.45,6.6,123.96,325,41,60,5.01,0.050084,0.536673
2026-07-16T09:46:32.022025,Raspberry_Relieve1,25.69065493290903,-100.31997759192686,12.46,4.59,17.28,57.19,80.6,121,0.29,23.2,3.87,139.0,173,36,303,91.88,0.985653,1.578614
2026-07-16T09:46:37.031990,Raspberry_Relieve1,25.689350165474263,-100.31362813592906,13.09,2.26,50.73,29.58,87.9,168,0.65,24.73,8.63,67.49,278,33,308,5.01,0.06037,1.638984
2026-07-16T09:46:42.038779,Raspberry_Relieve1,25.690115901256373,-100.32013189778331,12.35,4.85,48.51,59.9,80.8,168,0.27,23.11,9.64,132.13,194,41,313,5.01,0.062213,1.701197
2026-07-16T09:46:47.044842,Raspberry_Relieve1,25.682310895148106,-100.32066468031059,12.87,4.86,22.44,62.55,84.9,192,1.13,24.62,3.16,124.01,201,31,318,5.01,0.085126,1.786324
2026-07-16T09:46:52.050472,Raspberry_Relieve1,25.687085475338378,-100.31154956062022,12.08,4.09,30.19,49.41,89.2,181,0.61,23.58,2.84,66.93,355,37,323,5.01,0.077833,1.864157
2026-07-16T09:52:55.517211,Raspberry_Relieve4,25.68286758456991,-100.31603683248225,13.15,2.99,42.05,39.32,88.8,161,1.88,23.66,5.56,206.7,154,45,0,,,0.0
2026-07-16T09:52:57.017901,Raspberry_Relieve7,25.68349002366873,-100.31722657961714,12.49,1.75,48.86,21.86,84.7,296,1.87,24.38,2.9,202.23,197,31,0,,,0.0
2026-07-16T09:52:58.518286,Raspberry_Relieve6,25.68840070553129,-100.31216144499966,12.1,4.04,17.27,48.88,86.4,268,0.43,24.33,8.05,157.73,173,43,0,,,0.0
2026-07-16T09:53:00.021210,Raspberry_Relieve12,25.685373330693494,-100.31664081129843,13.38,4.82,22.09,64.49,88.7,149,0.94,24.62,8.39,199.6,248,37,0,,,0.0
2026-07-16T09:53:00.535247,Raspberry_Relieve4,25.68431743365764,-100.31515502474191,13.04,2.9,37.1,37.82,86.7,210,1.58,24.75,5.19,109.93,355,33,5,,,0.0
2026-07-16T09:53:01.523763,Raspberry_Relieve11,25.690666686979515,-100.31641598034511,12.2,4.36,43.68,53.19,98.2,294,1.78,24.51,4.87,137.43,339,40,0,,,0.0
2026-07-16T09:53:02.030408,Raspberry_Relieve7,25.6822019077282,-100.31908237051255,12.84,2.5,27.86,32.1,99.1,159,1.7,23.96,9.76,112.22,234,44,5,,,0.0
2026-07-16T09:53:03.024218,Raspberry_Relieve1,25.6842178664592,-100.31944238084421,13.25,3.59,57.81,47.57,83.5,215,0.98,23.95,7.04,198.26,337,41,0,,,0.0
2026-07-16T09:53:03.561778,Raspberry_Relieve6,25.68851347041529,-100.31857069178776,12.48,3.83,38.35,47.8,97.0,121,1.65,23.68,4.32,202.25,339,44,5,,,0.0
2026-07-16T09:53:04.524672,Raspberry_Relieve3,25.686690713169664,-100.31428006665381,12.11,2.04,51.63,24.7,98.6,271,0.77,23.21,6.69,200.92,332,32,0,,,0.0
2026-07-16T09:53:05.026796,Raspberry_Relieve12,25.682658938079385,-100.31839772900774,13.49,3.14,49.28,42.36,87.1,158,1.55,23.24,7.15,238.71,291,36,5,,,0.0
2026-07-16T09:53:05.550533,Raspberry_Relieve4,25.6863015632551,-100.31424229550825,12.11,3.72,50.45,45.05,83.6,273,2.0,23.24,3.21,52.14,182,36,10,5.01,0.057681,0.057681
2026-07-16T09:53:06.024954,Raspberry_Relieve10,25.686478754850302,-100.31426522512294,12.52,1.95,21.04,24.41,82.3,138,0.12,23.6,2.55,234.68,289,42,0,,,0.0
2026-07-16T09:53:06.532042,Raspberry_Relieve11,25.689253377250118,-100.32062329163803,12.5,1.28,37.69,16.0,96.1,286,0.2,23.5,5.17,234.35,373,38,5,,,0.0
2026-07-16T09:53:07.041430,Raspberry_Relieve7,25.682549271976796,-100.31935066115136,12.96,4.17,18.24,54.04,85.0,147,0.53,24.22,8.78,83.69,379,35,10,5.01,0.059921,0.059921
2026-07-16T09:53:07.525816,Raspberry_Relieve5,25.68642557375301,-100.3132746675924,12.04,3.57,56.55,42.98,87.6,139,0.62,24.73,4.9,216.81,243,45,0,,,0.0
2026-07-16T09:53:08.029773,Raspberry_Relieve1,25.68242523742428,-100.31356631879788,13.36,3.91,26.39,52.24,84.0,282,1.07,23.18,8.96,161.88,271,41,5,,,0.0
2026-07-16T09:53:08.569998,Raspberry_Relieve6,25.68646689447891,-100.311318927841,12.74,4.38,29.8,55.8,87.6,295,0.12,24.42,5.77,84.54,220,44,10,5.01,0.072086,0.072086
2026-07-16T09:53:09.026158,Raspberry_Relieve8,25.68317809078491,-100.31664559447165,12.91,1.23,39.5,15.88,96.5,229,1.66,24.87,4.22,191.2,381,30,0,,,0.0
2026-07-16T09:53:09.543528,Raspberry_Relieve3,25.687009171497742,-100.31524328860664,13.31,1.46,47.91,19.43,83.1,187,1.51,24.35,5.42,153.63,272,41,5,,,0.0
2026-07-15T18:27:32.142243,Raspberry_Relieve11,,,,,,0.0,,,,,,,,,0,,,0.0
2026-07-15T18:27:33.142389,Raspberry_Relieve11,,,,,,0.0,,,,,,,,,0,,,0.0
2026-07-15T18:27:34.142500,Raspberry_Relieve11,,,,,,0.0,,,,,,,,,1,1.11,0.0,0.0
2026-07-15T18:27:35.142580,Raspberry_Relieve11,,,,,,0.0,,,,,,,,,2,1.06,0.0,0.0
2026-07-15T18:27:36.142682,Raspberry_Relieve11,,,,,,0.0,,,,,,,,,3,0.95,0.0,0.0
2026-07-15T18:27:37.142774,Raspberry_Relieve11,,,,,,0.0,,,,,,,,,4,0.96,0.0,0.0
2026-07-15T18:27:38.142872,Raspberry_Relieve11,,,,,,0.0,,,,,,,,,5,0.96,0.0,0.0
2026-07-15T18:27:39.143001,Raspberry_Relieve11,,,,,,0.0,,,,,,,,,6,0.95,0.0,0.0
2026-07-15T18:27:40.143078,Raspberry_Relieve11,,,,,,0.0,,,,,,,,,7,1.13,0.0,0.0
2026-07-16T13:09:22.049304,Raspberry_Relieve11,,,,,,0.0,,,,,,,,,8,1.12,0.0,0.0
2026-07-16T13:09:23.049617,Raspberry_Relieve11,,,,,,0.0,,,,,,,,,9,0.82,0.0,0.0
2026-07-16T13:09:34.050714,Raspberry_Relieve11,,,,,,0.0,,,,,,,,,20,11.04,0.0,0.0
2026-07-16T13:09:35.050820,Raspberry_Relieve11,,,,,,0.0,,,,,,,,,21,1.05,0.0,0.0
2026-07-16T13:09:36.050965,Raspberry_Relieve11,,,,,,0.0,,,,,,,,,22,0.91,0.0,0.0
2026-07-16T13:09:37.051062,Raspberry_Relieve11,,,,,,0.0,,,,,,,,,23,1.02,0.0,0.0
2026-07-16T13:09:38.051217,Raspberry_Relieve11,,,,,,0.0,,,,,,,,,24,0.96,0.0,0.0
2026-07-16T13:09:39.051299,Raspberry_Relieve11,,,,,,0.0,,,,,,,,,25,1.01,0.0,0.0
2026-07-16T13:09:40.051410,Raspberry_Relieve11,,,,,,0.0,,,,,,,,,26,1.1,0.0,0.0
2026-07-16T13:09:41.051526,Raspberry_Relieve11,,,,,,0.0,,,,,,,,,27,0.99,0.0,0.0
2026-07-16T13:09:42.051687,Raspberry_Relieve11,,,,,,0.0,,,,,,,,,28,0.96,0.0,0.0
2026-07-16T13:09:43.051819,Raspberry_Relieve11,,,,,,0.0,,,,,,,,,29,1.06,0.0,0.0
2026-07-16T13:09:44.051946,Raspberry_Relieve11,,,,,,0.0,,,,,,,,,30,1.19,0.0,0.0
2026-07-16T13:09:45.052036,Raspberry_Relieve11,,,,,,0.0,,,,,,,,,31,0.8,0.0,0.0
2026-07-16T13:09:46.052177,Raspberry_Relieve11,,,,,,0.0,,,,,,,,,32,0.96,0.0,0.0
2026-07-16T13:09:47.052332,Raspberry_Relieve11,,,,,,0.0,,,,,,,,,33,1.16,0.0,0.0
2026-07-16T13:09:48.052448,Raspberry_Relieve11,,,,,,0.0,,,,,,,,,34,0.78,0.0,0.0
2026-07-16T13:09:49.052583,Raspberry_Relieve11,,,,,,0.0,,,,,,,,,35,1.02,0.0,0.0
2026-07-16T13:09:50.052699,Raspberry_Relieve11,,,,,,0.0,,,,,,,,,36,0.99,0.0,0.0
2026-07-16T13:09:51.052816,Raspberry_Relieve11,,,,,,0.0,,,,,,,,,37,0.94,0.0,0.0
2026-07-16T13:09:52.052939,Raspberry_Relieve11,,,,,,0.0,,,,,,,,,38,1.08,0.0,0.0
2026-07-16T13:09:53.053057,Raspberry_Relieve11,,,,,,0.0,,,,,,,,,39,1.03,0.0,0.0
2026-07-16T13:09:54.053199,Raspberry_Relieve11,,,,,,0.0,,,,,,,,,40,0.94,0.0,0.0
2026-07-16T13:09:55.053356,Raspberry_Relieve11,,,,,,0.0,,,,,,,,,41,1.05,0.0,0.0
2026-07-16T13:09:56.053532,Raspberry_Relieve11,,,,,,0.0,,,,,,,,,42,1.04,0.0,0.0
2026-07-16T13:09:57.053772,Raspberry_Relieve11,,,,,,0.0,,,,,,,,,43,0.99,0.0,0.0
2026-07-16T13:09:58.053948,Raspberry_Relieve11,,,,,,0.0,,,,,,,,,44,1.02,0.0,0.0
2026-07-16T13:09:59.054089,Raspberry_Relieve11,,,,,,0.0,,,,,,,,,45,1.02,0.0,0.0
2026-07-16T13:10:00.054230,Raspberry_Relieve11,,,,,,0.0,,,,,,,,,46,0.92,0.0,0.0
2026-07-16T13:10:01.054361,Raspberry_Relieve11,,,,,,0.0,,,,,,,,,47,0.95,0.0,0.0
2026-07-16T13:10:02.054488,Raspberry_Relieve11,,,,,,0.0,,,,,,,,,48,0.98,0.0,0.0
2026-07-16T13:10:03.054633,Raspberry_Relieve11,,,,,,0.0,,,,,,,,,49,1.0,0.0,0.0
2026-07-16T13:10:04.054766,Raspberry_Relieve11,,,,,,0.0,,,,,,,,,50,1.04,0.0,0.0
2026-07-16T13:10:05.054977,Raspberry_Relieve11,,,,,,0.0,,,,,,,,,51,0.91,0.0,0.0
2026-07-16T13:10:06.055110,Raspberry_Relieve11,,,,,,0.0,,,,,,,,,52,1.01,0.0,0.0
2026-07-16T13:10:07.055320,Raspberry_Relieve11,,,,,,0.0,,,,,,,,,53,0.99,0.0,0.0
2026-07-16T13:10:08.055490,Raspberry_Relieve11,,,,,,0.0,,,,,,,,,54,0.99,0.0,0.0
2026-07-16T13:10:09.055672,Raspberry_Relieve11,,,,,,0.0,,,,,,,,,55,1.13,0.0,0.0
2026-07-16T13:10:10.055854,Raspberry_Relieve11,,,,,,0.0,,,,,,,,,56,1.04,0.0,0.0
2026-07-16T13:10:11.056040,Raspberry_Relieve11,,,,,,0.0,,,,,,,,,57,0.92,0.0,0.0
2026-07-16T13:10:12.056211,Raspberry_Relieve11,,,,,,0.0,,,,,,,,,58,0.94,0.0,0.0
2026-07-16T13:10:13.056390,Raspberry_Relieve11,,,,,,0.0,,,,,,,,,59,1.06,0.0,0.0
2026-07-16T13:10:14.056562,Raspberry_Relieve11,,,,,,0.0,,,,,,,,,60,0.95,0.0,0.0
2026-07-16T13:10:15.056717,Raspberry_Relieve11,,,,,,0.0,,,,,,,,,61,0.96,0.0,0.0
2026-07-16T13:10:16.056870,Raspberry_Relieve11,,,,,,0.0,,,,,,,,,62,1.01,0.0,0.0
2026-07-16T13:10:17.057011,Raspberry_Relieve11,,,,,,0.0,,,,,,,,,63,1.03,0.0,0.0
2026-07-16T13:10:18.057138,Raspberry_Relieve11,,,,,,0.0,,,,,,,,,64,0.95,0.0,0.0
2026-07-16T13:10:19.057266,Raspberry_Relieve11,,,,,,0.0,,,,,,,,,65,1.05,0.0,0.0
2026-07-16T13:10:20.057390,Raspberry_Relieve11,,,,,,0.0,,,,,,,,,66,0.96,0.0,0.0
2026-07-16T13:10:21.057516,Raspberry_Relieve11,,,,,,0.0,,,,,,,,,67,1.01,0.0,0.0
2026-07-16T13:10:22.057642,Raspberry_Relieve11,,,,,,0.0,,,,,,,,,68,1.04,0.0,0.0
2026-07-16T13:10:23.057761,Raspberry_Relieve11,,,,,,0.0,,,,,,,,,70,1.52,0.0,0.0
2026-07-16T13:10:24.057857,Raspberry_Relieve11,,,,,,0.0,,,,,,,,,70,0.41,0.0,0.0
2026-07-16T13:10:25.058014,Raspberry_Relieve11,,,,,,0.0,,,,,,,,,71,1.17,0.0,0.0
2026-07-16T13:10:26.058142,Raspberry_Relieve11,,,,,,0.0,,,,,,,,,72,0.84,0.0,0.0
2026-07-16T13:10:27.058258,Raspberry_Relieve11,,,,,,0.0,,,,,,,,,73,1.04,0.0,0.0
2026-07-16T13:10:28.058388,Raspberry_Relieve11,,,,,,0.0,,,,,,,,,74,0.96,0.0,0.0
2026-07-16T13:10:29.058501,Raspberry_Relieve11,,,,,,0.0,,,,,,,,,75,1.0,0.0,0.0
2026-07-16T13:10:30.058632,Raspberry_Relieve11,,,,,,0.0,,,,,,,,,76,1.07,0.0,0.0
2026-07-16T13:10:31.058752,Raspberry_Relieve11,,,,,,0.0,,,,,,,,,77,0.95,0.0,0.0
2026-07-16T13:10:32.058882,Raspberry_Relieve11,,,,,,0.0,,,,,,,,,78,1.05,0.0,0.0
2026-07-16T13:10:33.058993,Raspberry_Relieve11,,,,,,0.0,,,,,,,,,79,1.13,0.0,0.0
2026-07-16T13:10:34.059130,Raspberry_Relieve11,,,,,,0.0,,,,,,,,,80,0.86,0.0,0.0
2026-07-16T13:10:35.059265,Raspberry_Relieve11,,,,,,0.0,,,,,,,,,81,1.18,0.0,0.0
2026-07-16T13:10:36.059395,Raspberry_Relieve11,,,,,,0.0,,,,,,,,,82,1.01,0.0,0.0
2026-07-16T13:10:37.059504,Raspberry_Relieve11,,,,,,0.0,,,,,,,,,83,0.95,0.0,0.0
2026-07-16T13:10:38.059713,Raspberry_Relieve11,,,,,,0.0,,,,,,,,,84,0.9,0.0,0.0
2026-07-16T13:10:39.059845,Raspberry_Relieve11,,,,,,0.0,,,,,,,,,86,1.85,0.0,0.0
2026-07-16T13:10:40.361463,Raspberry_Relieve11,,,,,,0.0,,,,,,,,,86,0.34,0.0,0.0
2026-07-16T13:10:41.361606,Raspberry_Relieve11,,,,,,0.0,,,,,,,,,87,1.04,0.0,0.0
2026-07-16T13:10:42.361715,Raspberry_Relieve11,,,,,,0.0,,,,,,,,,88,0.98,0.0,0.0
2026-07-16T13:10:43.361869,Raspberry_Relieve11,,,,,,0.0,,,,,,,,,89,1.0,0.0,0.0
2026-07-16T13:10:44.361987,Raspberry_Relieve11,,,,,,0.0,,,,,,,,,91,1.13,0.0,0.0
2026-07-16T13:10:45.362097,Raspberry_Relieve11,,,,,,0.0,,,,,,,,,91,0.84,0.0,0.0
2026-07-16T13:10:46.362204,Raspberry_Relieve11,,,,,,0.0,,,,,,,,,92,1.09,0.0,0.0
2026-07-16T13:10:47.362325,Raspberry_Relieve11,,,,,,0.0,,,,,,,,,94,1.03,0.0,0.0
2026-07-16T13:10:48.362451,Raspberry_Relieve11,,,,,,0.0,,,,,,,,,94,0.94,0.0,0.0
2026-07-16T13:10:49.362572,Raspberry_Relieve11,,,,,,0.0,,,,,,,,,95,0.98,0.0,0.0
2026-07-16T13:10:50.362683,Raspberry_Relieve11,,,,,,0.0,,,,,,,,,96,0.97,0.0,0.0
2026-07-16T13:10:51.362808,Raspberry_Relieve11,,,,,,0.0,,,,,,,,,97,0.98,0.0,0.0
2026-07-16T13:10:52.362946,Raspberry_Relieve11,,,,,,0.0,,,,,,,,,98,1.11,0.0,0.0
2026-07-16T13:10:53.363036,Raspberry_Relieve11,,,,,,0.0,,,,,,,,,99,0.95,0.0,0.0
2026-07-16T13:10:54.363170,Raspberry_Relieve11,,,,,,0.0,,,,,,,,,100,1.03,0.0,0.0
2026-07-16T13:10:55.363277,Raspberry_Relieve11,,,,,,0.0,,,,,,,,,102,1.26,0.0,0.0
2026-07-16T13:10:56.363402,Raspberry_Relieve11,,,,,,0.0,,,,,,,,,103,0.79,0.0,0.0
2026-07-16T13:10:57.363514,Raspberry_Relieve11,,,,,,0.0,,,,,,,,,104,0.99,0.0,0.0
2026-07-16T13:10:58.363797,Raspberry_Relieve11,,,,,,0.0,,,,,,,,,104,0.96,0.0,0.0
2026-07-16T13:10:59.364161,Raspberry_Relieve11,,,,,,0.0,,,,,,,,,106,1.03,0.0,0.0
2026-07-16T13:11:00.364438,Raspberry_Relieve11,,,,,,0.0,,,,,,,,,107,1.01,0.0,0.0
2026-07-16T13:11:01.364684,Raspberry_Relieve11,,,,,,0.0,,,,,,,,,108,1.02,0.0,0.0
2026-07-16T13:11:02.364937,Raspberry_Relieve11,,,,,,0.0,,,,,,,,,109,1.03,0.0,0.0
2026-07-16T13:11:03.365131,Raspberry_Relieve11,,,,,,0.0,,,,,,,,,110,0.93,0.0,0.0
2026-07-16T13:11:04.365423,Raspberry_Relieve11,,,,,,0.0,,,,,,,,,111,1.02,0.0,0.0
2026-07-16T13:11:05.365541,Raspberry_Relieve11,,,,,,0.0,,,,,,,,,112,1.05,0.0,0.0
2026-07-16T13:11:06.365719,Raspberry_Relieve11,,,,,,0.0,,,,,,,,,112,0.81,0.0,0.0
2026-07-16T13:11:07.365821,Raspberry_Relieve11,,,,,,0.0,,,,,,,,,113,1.05,0.0,0.0
2026-07-16T13:11:08.366117,Raspberry_Relieve11,,,,,,0.0,,,,,,,,,114,0.96,0.0,0.0
2026-07-16T13:11:09.366305,Raspberry_Relieve11,,,,,,0.0,,,,,,,,,115,1.01,0.0,0.0
2026-07-16T13:11:10.366456,Raspberry_Relieve11,,,,,,0.0,,,,,,,,,116,1.02,0.0,0.0
2026-07-16T13:11:11.366629,Raspberry_Relieve11,,,,,,0.0,,,,,,,,,117,0.97,0.0,0.0
2026-07-16T13:11:12.366754,Raspberry_Relieve11,,,,,,0.0,,,,,,,,,118,1.04,0.0,0.0
2026-07-16T13:11:13.367027,Raspberry_Relieve11,,,,,,0.0,,,,,,,,,119,0.97,0.0,0.0
2026-07-16T13:11:14.367148,Raspberry_Relieve11,,,,,,0.0,,,,,,,,,120,0.99,0.0,0.0
2026-07-16T13:11:15.367305,Raspberry_Relieve11,,,,,,0.0,,,,,,,,,121,1.05,0.0,0.0
2026-07-16T13:11:16.367466,Raspberry_Relieve11,,,,,,0.0,,,,,,,,,123,1.16,0.0,0.0
2026-07-16T13:11:17.367648,Raspberry_Relieve11,,,,,,0.0,,,,,,,,,123,0.77,0.0,0.0
2026-07-16T13:11:18.367789,Raspberry_Relieve11,,,,,,0.0,,,,,,,,,124,1.04,0.0,0.0
2026-07-16T13:11:19.367968,Raspberry_Relieve11,,,,,,0.0,,,,,,,,,126,1.09,0.0,0.0
2026-07-16T13:11:20.368117,Raspberry_Relieve11,,,,,,0.0,,,,,,,,,127,1.05,0.0,0.0
2026-07-16T13:11:21.368295,Raspberry_Relieve11,,,,,,0.0,,,,,,,,,127,0.77,0.0,0.0
2026-07-16T13:11:22.368461,Raspberry_Relieve11,,,,,,0.0,,,,,,,,,128,1.02,0.0,0.0
2026-07-16T13:11:23.368561,Raspberry_Relieve11,,,,,,0.0,,,,,,,,,129,0.98,0.0,0.0
2026-07-16T13:11:24.368697,Raspberry_Relieve11,,,,,,0.0,,,,,,,,,130,1.04,0.0,0.0
2026-07-16T13:11:25.368918,Raspberry_Relieve11,,,,,,0.0,,,,,,,,,131,0.99,0.0,0.0
2026-07-16T13:11:26.369026,Raspberry_Relieve11,,,,,,0.0,,,,,,,,,132,1.01,0.0,0.0
2026-07-16T13:11:27.369332,Raspberry_Relieve11,,,,,,0.0,,,,,,,,,133,1.0,0.0,0.0
2026-07-16T13:11:28.369491,Raspberry_Relieve11,,,,,,0.0,,,,,,,,,134,1.11,0.0,0.0
2026-07-16T13:11:29.369610,Raspberry_Relieve11,,,,,,0.0,,,,,,,,,135,0.96,0.0,0.0
2026-07-16T13:11:30.369831,Raspberry_Relieve11,,,,,,0.0,,,,,,,,,136,0.96,0.0,0.0
2026-07-16T13:11:31.369958,Raspberry_Relieve11,,,,,,0.0,,,,,,,,,138,1.12,0.0,0.0
2026-07-16T13:11:32.370094,Raspberry_Relieve11,,,,,,0.0,,,,,,,,,138,0.91,0.0,0.0
2026-07-16T13:11:33.370256,Raspberry_Relieve11,,,,,,0.0,,,,,,,,,139,1.01,0.0,0.0
2026-07-16T13:11:34.370410,Raspberry_Relieve11,,,,,,0.0,,,,,,,,,140,0.97,0.0,0.0
2026-07-16T13:11:35.370651,Raspberry_Relieve11,,,,,,0.0,,,,,,,,,141,1.02,0.0,0.0
2026-07-16T13:11:36.370797,Raspberry_Relieve11,,,,,,0.0,,,,,,,,,142,0.94,0.0,0.0
2026-07-16T13:11:37.370936,Raspberry_Relieve11,,,,,,0.0,,,,,,,,,143,1.03,0.0,0.0
2026-07-16T13:11:38.371086,Raspberry_Relieve11,,,,,,0.0,,,,,,,,,144,1.09,0.0,0.0
2026-07-16T13:11:39.371211,Raspberry_Relieve11,,,,,,0.0,,,,,,,,,145,0.97,0.0,0.0
2026-07-16T13:11:40.371391,Raspberry_Relieve11,,,,,,0.0,,,,,,,,,146,1.0,0.0,0.0
2026-07-16T13:11:41.371584,Raspberry_Relieve11,,,,,,0.0,,,,,,,,,147,1.02,0.0,0.0
2026-07-16T13:11:42.371771,Raspberry_Relieve11,,,,,,0.0,,,,,,,,,148,0.95,0.0,0.0
2026-07-16T13:11:43.371955,Raspberry_Relieve11,,,,,,0.0,,,,,,,,,149,1.03,0.0,0.0
2026-07-16T13:11:44.372090,Raspberry_Relieve11,,,,,,0.0,,,,,,,,,150,0.95,0.0,0.0
2026-07-16T13:11:45.372297,Raspberry_Relieve11,,,,,,0.0,,,,,,,,,152,1.28,0.0,0.0
2026-07-16T13:11:46.372410,Raspberry_Relieve11,,,,,,0.0,,,,,,,,,152,0.72,0.0,0.0
2026-07-16T13:11:47.372617,Raspberry_Relieve11,,,,,,0.0,,,,,,,,,154,1.23,0.0,0.0
2026-07-16T13:11:48.372748,Raspberry_Relieve11,,,,,,0.0,,,,,,,,,154,0.7,0.0,0.0
2026-07-16T13:11:49.372923,Raspberry_Relieve11,,,,,,0.0,,,,,,,,,155,1.03,0.0,0.0
2026-07-16T13:11:50.373091,Raspberry_Relieve11,,,,,,0.0,,,,,,,,,156,0.99,0.0,0.0
2026-07-16T13:11:51.373228,Raspberry_Relieve11,,,,,,0.0,,,,,,,,,157,1.02,0.0,0.0
2026-07-16T13:11:52.373387,Raspberry_Relieve11,,,,,,0.0,,,,,,,,,158,1.02,0.0,0.0
2026-07-16T13:11:53.373515,Raspberry_Relieve11,,,,,,0.0,,,,,,,,,159,1.02,0.0,0.0
2026-07-16T13:11:54.373643,Raspberry_Relieve11,,,,,,0.0,,,,,,,,,160,1.05,0.0,0.0
2026-07-16T13:11:55.373765,Raspberry_Relieve11,,,,,,0.0,,,,,,,,,162,1.03,0.0,0.0
2026-07-16T13:11:56.373886,Raspberry_Relieve11,,,,,,0.0,,,,,,,,,162,0.88,0.0,0.0
2026-07-16T13:11:57.374051,Raspberry_Relieve11,,,,,,0.0,,,,,,,,,163,1.07,0.0,0.0
2026-07-16T13:11:58.374124,Raspberry_Relieve11,,,,,,0.0,,,,,,,,,164,1.02,0.0,0.0
2026-07-16T13:11:59.374219,Raspberry_Relieve11,,,,,,0.0,,,,,,,,,165,0.91,0.0,0.0
2026-07-16T13:12:00.374334,Raspberry_Relieve11,,,,,,0.0,,,,,,,,,167,1.13,0.0,0.0
2026-07-16T13:12:01.374463,Raspberry_Relieve11,,,,,,0.0,,,,,,,,,167,0.88,0.0,0.0
2026-07-16T13:12:02.374600,Raspberry_Relieve11,,,,,,0.0,,,,,,,,,168,0.96,0.0,0.0
2026-07-16T13:12:03.374725,Raspberry_Relieve11,,,,,,0.0,,,,,,,,,169,1.1,0.0,0.0
2026-07-16T13:12:04.374844,Raspberry_Relieve11,,,,,,0.0,,,,,,,,,170,0.9,0.0,0.0
2026-07-16T13:12:05.374969,Raspberry_Relieve11,,,,,,0.0,,,,,,,,,171,0.99,0.0,0.0
2026-07-16T13:12:06.375086,Raspberry_Relieve11,,,,,,0.0,,,,,,,,,172,1.05,0.0,0.0
2026-07-16T13:12:07.375182,Raspberry_Relieve11,,,,,,0.0,,,,,,,,,173,0.98,0.0,0.0
2026-07-16T13:12:08.375384,Raspberry_Relieve11,,,,,,0.0,,,,,,,,,174,1.02,0.0,0.0
2026-07-16T13:12:09.375522,Raspberry_Relieve11,,,,,,0.0,,,,,,,,,175,1.02,0.0,0.0
2026-07-16T13:12:10.375654,Raspberry_Relieve11,,,,,,0.0,,,,,,,,,176,1.02,0.0,0.0
2026-07-16T13:12:11.375799,Raspberry_Relieve11,,,,,,0.0,,,,,,,,,177,1.03,0.0,0.0
2026-07-16T13:12:12.375919,Raspberry_Relieve11,,,,,,0.0,,,,,,,,,178,0.92,0.0,0.0
2026-07-16T13:12:13.376051,Raspberry_Relieve11,,,,,,0.0,,,,,,,,,179,0.95,0.0,0.0
2026-07-16T13:12:14.376189,Raspberry_Relieve11,,,,,,0.0,,,,,,,,,180,1.06,0.0,0.0
2026-07-16T13:12:15.376329,Raspberry_Relieve11,,,,,,0.0,,,,,,,,,181,1.06,0.0,0.0
2026-07-16T13:12:16.376470,Raspberry_Relieve11,,,,,,0.0,,,,,,,,,182,1.0,0.0,0.0
2026-07-16T13:12:17.376647,Raspberry_Relieve11,,,,,,0.0,,,,,,,,,183,0.91,0.0,0.0
2026-07-16T13:12:18.376762,Raspberry_Relieve11,,,,,,0.0,,,,,,,,,184,1.0,0.0,0.0
2026-07-16T13:12:19.376894,Raspberry_Relieve11,,,,,,0.0,,,,,,,,,186,2.04,0.0,0.0
2026-07-16T13:12:20.743399,Raspberry_Relieve11,,,,,,0.0,,,,,,,,,187,0.45,0.0,0.0
2026-07-16T13:12:21.743591,Raspberry_Relieve11,,,,,,0.0,,,,,,,,,188,0.94,0.0,0.0
2026-07-16T13:12:22.743709,Raspberry_Relieve11,,,,,,0.0,,,,,,,,,189,1.02,0.0,0.0
2026-07-16T13:12:23.743848,Raspberry_Relieve11,,,,,,0.0,,,,,,,,,190,0.94,0.0,0.0
2026-07-16T13:12:24.743986,Raspberry_Relieve11,,,,,,0.0,,,,,,,,,191,1.04,0.0,0.0
2026-07-16T13:12:25.744131,Raspberry_Relieve11,,,,,,0.0,,,,,,,,,192,1.03,0.0,0.0
2026-07-16T13:12:26.744254,Raspberry_Relieve11,,,,,,0.0,,,,,,,,,193,0.99,0.0,0.0
2026-07-16T13:12:27.744389,Raspberry_Relieve11,,,,,,0.0,,,,,,,,,194,1.06,0.0,0.0
2026-07-16T13:12:28.744521,Raspberry_Relieve11,,,,,,0.0,,,,,,,,,195,1.02,0.0,0.0
2026-07-16T13:12:29.744663,Raspberry_Relieve11,,,,,,0.0,,,,,,,,,196,1.12,0.0,0.0
2026-07-16T13:12:30.744793,Raspberry_Relieve11,,,,,,0.0,,,,,,,,,197,0.79,0.0,0.0
2026-07-16T13:12:31.744920,Raspberry_Relieve11,,,,,,0.0,,,,,,,,,198,1.13,0.0,0.0
2026-07-16T13:12:32.745075,Raspberry_Relieve11,,,,,,0.0,,,,,,,,,199,0.92,0.0,0.0
2026-07-16T13:12:33.745276,Raspberry_Relieve11,,,,,,0.0,,,,,,,,,200,1.23,0.0,0.0
2026-07-16T13:12:34.745401,Raspberry_Relieve11,,,,,,0.0,,,,,,,,,201,0.72,0.0,0.0
2026-07-16T13:12:35.745561,Raspberry_Relieve11,,,,,,0.0,,,,,,,,,202,0.92,0.0,0.0
2026-07-16T13:12:36.745678,Raspberry_Relieve11,,,,,,0.0,,,,,,,,,203,0.99,0.0,0.0
2026-07-16T13:12:37.745799,Raspberry_Relieve11,,,,,,0.0,,,,,,,,,204,1.05,0.0,0.0
2026-07-16T13:12:38.745930,Raspberry_Relieve11,,,,,,0.0,,,,,,,,,205,1.04,0.0,0.0
2026-07-16T13:12:39.746060,Raspberry_Relieve11,,,,,,0.0,,,,,,,,,206,1.02,0.0,0.0
2026-07-16T13:12:40.746188,Raspberry_Relieve11,,,,,,0.0,,,,,,,,,207,1.04,0.0,0.0
2026-07-16T13:12:41.746304,Raspberry_Relieve11,,,,,,0.0,,,,,,,,,208,1.01,0.0,0.0
2026-07-16T13:12:42.746472,Raspberry_Relieve11,,,,,,0.0,,,,,,,,,209,0.92,0.0,0.0
2026-07-16T13:12:43.746600,Raspberry_Relieve11,,,,,,0.0,,,,,,,,,210,0.94,0.0,0.0
2026-07-16T13:12:44.746745,Raspberry_Relieve11,,,,,,0.0,,,,,,,,,211,1.05,0.0,0.0
2026-07-16T13:12:45.746882,Raspberry_Relieve11,,,,,,0.0,,,,,,,,,212,0.98,0.0,0.0
2026-07-16T13:12:46.747004,Raspberry_Relieve11,,,,,,0.0,,,,,,,,,213,1.05,0.0,0.0
2026-07-16T13:12:47.747128,Raspberry_Relieve11,,,,,,0.0,,,,,,,,,214,1.0,0.0,0.0
2026-07-16T13:12:48.747253,Raspberry_Relieve11,,,,,,0.0,,,,,,,,,215,1.03,0.0,0.0
2026-07-16T13:12:49.747414,Raspberry_Relieve11,,,,,,0.0,,,,,,,,,216,1.06,0.0,0.0
2026-07-16T13:12:50.747541,Raspberry_Relieve11,,,,,,0.0,,,,,,,,,217,0.96,0.0,0.0
2026-07-16T13:12:51.747693,Raspberry_Relieve11,,,,,,0.0,,,,,,,,,218,0.99,0.0,0.0
2026-07-16T13:12:52.747815,Raspberry_Relieve11,,,,,,0.0,,,,,,,,,220,1.92,0.0,0.0
2026-07-16T13:12:54.110124,Raspberry_Relieve11,,,,,,0.0,,,,,,,,,220,0.52,0.0,0.0
2026-07-16T13:12:55.110290,Raspberry_Relieve11,,,,,,0.0,,,,,,,,,221,0.84,0.0,0.0
2026-07-16T13:12:56.110445,Raspberry_Relieve11,,,,,,0.0,,,,,,,,,222,1.05,0.0,0.0
2026-07-16T13:12:57.110582,Raspberry_Relieve11,,,,,,0.0,,,,,,,,,223,1.05,0.0,0.0
2026-07-16T13:12:58.110728,Raspberry_Relieve11,,,,,,0.0,,,,,,,,,224,0.92,0.0,0.0
2026-07-16T13:12:59.110864,Raspberry_Relieve11,,,,,,0.0,,,,,,,,,225,1.02,0.0,0.0
2026-07-16T13:13:00.111002,Raspberry_Relieve11,,,,,,0.0,,,,,,,,,226,1.02,0.0,0.0
2026-07-16T13:13:01.111120,Raspberry_Relieve11,,,,,,0.0,,,,,,,,,227,1.02,0.0,0.0
2026-07-16T13:13:02.111260,Raspberry_Relieve11,,,,,,0.0,,,,,,,,,228,1.03,0.0,0.0
2026-07-16T13:13:03.111338,Raspberry_Relieve11,,,,,,0.0,,,,,,,,,229,1.08,0.0,0.0
2026-07-16T13:13:04.111488,Raspberry_Relieve11,,,,,,0.0,,,,,,,,,230,0.94,0.0,0.0
2026-07-16T13:13:05.111612,Raspberry_Relieve11,,,,,,0.0,,,,,,,,,231,0.94,0.0,0.0
2026-07-16T13:13:06.111739,Raspberry_Relieve11,,,,,,0.0,,,,,,,,,232,0.91,0.0,0.0
2026-07-16T13:13:07.111862,Raspberry_Relieve11,,,,,,0.0,,,,,,,,,233,1.05,0.0,0.0
2026-07-16T13:13:08.111981,Raspberry_Relieve11,,,,,,0.0,,,,,,,,,234,1.06,0.0,0.0
2026-07-16T13:13:09.112103,Raspberry_Relieve11,,,,,,0.0,,,,,,,,,235,0.94,0.0,0.0
2026-07-16T13:13:10.112228,Raspberry_Relieve11,,,,,,0.0,,,,,,,,,236,0.96,0.0,0.0
2026-07-16T13:13:11.112363,Raspberry_Relieve11,,,,,,0.0,,,,,,,,,237,1.01,0.0,0.0
2026-07-16T13:13:12.112478,Raspberry_Relieve11,,,,,,0.0,,,,,,,,,238,1.02,0.0,0.0
2026-07-16T13:13:13.112570,Raspberry_Relieve11,,,,,,0.0,,,,,,,,,239,1.15,0.0,0.0
2026-07-16T13:13:14.112712,Raspberry_Relieve11,,,,,,0.0,,,,,,,,,240,0.76,0.0,0.0
2026-07-16T13:13:15.112838,Raspberry_Relieve11,,,,,,0.0,,,,,,,,,241,1.02,0.0,0.0
2026-07-16T13:13:16.112935,Raspberry_Relieve11,,,,,,0.0,,,,,,,,,242,0.98,0.0,0.0
2026-07-16T13:13:17.113040,Raspberry_Relieve11,,,,,,0.0,,,,,,,,,243,1.06,0.0,0.0
2026-07-16T13:13:18.113163,Raspberry_Relieve11,,,,,,0.0,,,,,,,,,244,1.05,0.0,0.0
2026-07-16T13:13:19.113309,Raspberry_Relieve11,,,,,,0.0,,,,,,,,,245,0.96,0.0,0.0
2026-07-16T13:13:20.113461,Raspberry_Relieve11,,,,,,0.0,,,,,,,,,246,1.0,0.0,0.0
2026-07-16T13:13:21.113587,Raspberry_Relieve11,,,,,,0.0,,,,,,,,,247,1.03,0.0,0.0
2026-07-16T13:13:22.113721,Raspberry_Relieve11,,,,,,0.0,,,,,,,,,248,0.95,0.0,0.0
2026-07-16T13:13:23.113796,Raspberry_Relieve11,,,,,,0.0,,,,,,,,,249,1.05,0.0,0.0
2026-07-16T13:13:24.113960,Raspberry_Relieve11,,,,,,0.0,,,,,,,,,250,0.96,0.0,0.0
2026-07-16T13:13:25.114099,Raspberry_Relieve11,,,,,,0.0,,,,,,,,,251,0.99,0.0,0.0
2026-07-16T13:13:26.114240,Raspberry_Relieve11,,,,,,0.0,,,,,,,,,252,0.96,0.0,0.0
2026-07-16T13:11:28.965736,Raspberry_Relieve11,,,,,,0.0,,,,,,,,,299,46.51,0.0,0.0
2026-07-16T13:11:29.965865,Raspberry_Relieve11,,,,,,0.0,,,,,,,,,300,0.91,0.0,0.0
2026-07-16T13:11:30.965948,Raspberry_Relieve11,,,,,,0.0,,,,,,,,,302,2.14,0.0,0.0
2026-07-16T13:11:32.637328,Raspberry_Relieve11,,,,,,0.0,,,,,,,,,302,0.32,0.0,0.0
2026-07-16T13:11:33.637469,Raspberry_Relieve11,,,,,,0.0,,,,,,,,,303,1.04,0.0,0.0
2026-07-16T13:11:34.637614,Raspberry_Relieve11,,,,,,0.0,,,,,,,,,304,1.09,0.0,0.0
2026-07-16T13:11:35.637709,Raspberry_Relieve11,,,,,,0.0,,,,,,,,,305,1.06,0.0,0.0
2026-07-16T13:11:36.637810,Raspberry_Relieve11,,,,,,0.0,,,,,,,,,306,0.92,0.0,0.0
2026-07-16T13:14:20.976207,Raspberry_Relieve11,,,,,,0.0,,,,,,,,,307,1.03,0.0,0.0
2026-07-16T13:14:32.977644,Raspberry_Relieve11,,,,,,0.0,,,,,,,,,319,11.95,0.0,0.0
2026-07-16T13:14:33.977749,Raspberry_Relieve11,,,,,,0.0,,,,,,,,,320,0.95,0.0,0.0
2026-07-16T13:14:34.977892,Raspberry_Relieve11,,,,,,0.0,,,,,,,,,321,1.11,0.0,0.0
2026-07-16T13:14:35.977994,Raspberry_Relieve11,,,,,,0.0,,,,,,,,,322,1.03,0.0,0.0
2026-07-16T13:14:36.978128,Raspberry_Relieve11,,,,,,0.0,,,,,,,,,323,0.92,0.0,0.0
2026-07-16T13:14:37.978252,Raspberry_Relieve11,,,,,,0.0,,,,,,,,,324,1.16,0.0,0.0
2026-07-16T13:14:38.978401,Raspberry_Relieve11,,,,,,0.0,,,,,,,,,325,1.25,0.0,0.0
2026-07-16T13:14:39.978486,Raspberry_Relieve11,,,,,,0.0,,,,,,,,,326,0.51,0.0,0.0
2026-07-16T13:14:40.978637,Raspberry_Relieve11,,,,,,0.0,,,,,,,,,327,1.05,0.0,0.0
2026-07-16T13:14:41.978758,Raspberry_Relieve11,,,,,,0.0,,,,,,,,,328,1.06,0.0,0.0
2026-07-16T13:14:42.978900,Raspberry_Relieve11,,,,,,0.0,,,,,,,,,329,1.04,0.0,0.0
2026-07-16T13:14:43.978983,Raspberry_Relieve11,,,,,,0.0,,,,,,,,,330,0.92,0.0,0.0
2026-07-16T13:14:44.979099,Raspberry_Relieve11,,,,,,0.0,,,,,,,,,331,1.02,0.0,0.0
2026-07-16T13:14:45.979245,Raspberry_Relieve11,,,,,,0.0,,,,,,,,,332,1.15,0.0,0.0
2026-07-16T13:14:46.979373,Raspberry_Relieve11,,,,,,0.0,,,,,,,,,334,1.27,0.0,0.0
2026-07-16T13:14:47.979450,Raspberry_Relieve11,,,,,,0.0,,,,,,,,,334,0.63,0.0,0.0
2026-07-16T13:14:48.979602,Raspberry_Relieve11,,,,,,0.0,,,,,,,,,335,0.96,0.0,0.0
2026-07-16T13:14:49.979730,Raspberry_Relieve11,,,,,,0.0,,,,,,,,,336,0.98,0.0,0.0
2026-07-16T13:14:50.979857,Raspberry_Relieve11,,,,,,0.0,,,,,,,,,337,0.96,0.0,0.0
2026-07-16T13:14:51.980003,Raspberry_Relieve11,,,,,,0.0,,,,,,,,,338,1.05,0.0,0.0
2026-07-16T13:14:52.980141,Raspberry_Relieve11,,,,,,0.0,,,,,,,,,339,1.02,0.0,0.0
2026-07-16T13:14:53.980325,Raspberry_Relieve11,,,,,,0.0,,,,,,,,,340,0.97,0.0,0.0
2026-07-16T13:14:54.980630,Raspberry_Relieve11,,,,,,0.0,,,,,,,,,341,1.08,0.0,0.0
2026-07-16T13:14:55.980816,Raspberry_Relieve11,,,,,,0.0,,,,,,,,,342,0.98,0.0,0.0
2026-07-16T13:14:56.980992,Raspberry_Relieve11,,,,,,0.0,,,,,,,,,343,0.97,0.0,0.0
2026-07-16T13:14:57.981150,Raspberry_Relieve11,,,,,,0.0,,,,,,,,,344,0.95,0.0,0.0
2026-07-16T13:14:58.981285,Raspberry_Relieve11,,,,,,0.0,,,,,,,,,345,1.1,0.0,0.0
2026-07-16T13:14:59.981379,Raspberry_Relieve11,,,,,,0.0,,,,,,,,,346,1.03,0.0,0.0
2026-07-16T13:15:00.981540,Raspberry_Relieve11,,,,,,0.0,,,,,,,,,347,0.84,0.0,0.0
2026-07-16T13:15:01.981720,Raspberry_Relieve11,,,,,,0.0,,,,,,,,,348,1.02,0.0,0.0
2026-07-16T13:15:02.981871,Raspberry_Relieve11,,,,,,0.0,,,,,,,,,349,1.24,0.0,0.0
2026-07-16T13:15:03.981987,Raspberry_Relieve11,,,,,,0.0,,,,,,,,,351,1.76,0.0,0.0
2026-07-16T13:15:05.382045,Raspberry_Relieve11,,,,,,0.0,,,,,,,,,351,0.32,0.0,0.0
2026-07-16T13:15:06.382316,Raspberry_Relieve11,,,,,,0.0,,,,,,,,,352,1.02,0.0,0.0
2026-07-16T13:15:07.382543,Raspberry_Relieve11,,,,,,0.0,,,,,,,,,354,1.11,0.0,0.0
2026-07-16T13:15:08.382654,Raspberry_Relieve11,,,,,,0.0,,,,,,,,,354,0.9,0.0,0.0
2026-07-16T13:15:09.382761,Raspberry_Relieve11,,,,,,0.0,,,,,,,,,355,1.02,0.0,0.0
2026-07-16T13:15:10.382993,Raspberry_Relieve11,,,,,,0.0,,,,,,,,,356,1.03,0.0,0.0
2026-07-16T13:15:11.383212,Raspberry_Relieve11,,,,,,0.0,,,,,,,,,357,0.95,0.0,0.0
2026-07-16T13:15:12.383309,Raspberry_Relieve11,,,,,,0.0,,,,,,,,,359,1.08,0.0,0.0
2026-07-16T13:15:13.383417,Raspberry_Relieve11,,,,,,0.0,,,,,,,,,359,0.94,0.0,0.0
2026-07-16T13:15:14.383636,Raspberry_Relieve11,,,,,,0.0,,,,,,,,,360,1.02,0.0,0.0
2026-07-16T13:15:15.383747,Raspberry_Relieve11,,,,,,0.0,,,,,,,,,362,1.03,0.0,0.0
2026-07-16T13:15:16.383865,Raspberry_Relieve11,,,,,,0.0,,,,,,,,,362,0.88,0.0,0.0
2026-07-16T13:15:17.384068,Raspberry_Relieve11,,,,,,0.0,,,,,,,,,363,1.06,0.0,0.0
2026-07-16T13:15:18.384279,Raspberry_Relieve11,,,,,,0.0,,,,,,,,,364,0.97,0.0,0.0
2026-07-16T13:15:19.384371,Raspberry_Relieve11,,,,,,0.0,,,,,,,,,365,1.01,0.0,0.0
2026-07-16T13:15:20.384475,Raspberry_Relieve11,,,,,,0.0,,,,,,,,,366,1.04,0.0,0.0
2026-07-16T13:15:21.384582,Raspberry_Relieve11,,,,,,0.0,,,,,,,,,367,0.92,0.0,0.0
2026-07-16T13:15:22.384679,Raspberry_Relieve11,,,,,,0.0,,,,,,,,,368,1.08,0.0,0.0
2026-07-16T13:15:23.384876,Raspberry_Relieve11,,,,,,0.0,,,,,,,,,370,1.28,0.0,0.0
2026-07-16T13:15:24.384975,Raspberry_Relieve11,,,,,,0.0,,,,,,,,,370,0.71,0.0,0.0
2026-07-16T13:15:25.385078,Raspberry_Relieve11,,,,,,0.0,,,,,,,,,372,1.04,0.0,0.0
2026-07-16T13:15:26.385275,Raspberry_Relieve11,,,,,,0.0,,,,,,,,,372,0.96,0.0,0.0
2026-07-16T13:15:27.385365,Raspberry_Relieve11,,,,,,0.0,,,,,,,,,374,1.09,0.0,0.0
2026-07-16T13:15:28.385558,Raspberry_Relieve11,,,,,,0.0,,,,,,,,,375,0.95,0.0,0.0
2026-07-16T13:15:29.385746,Raspberry_Relieve11,,,,,,0.0,,,,,,,,,375,0.87,0.0,0.0
2026-07-16T13:15:30.385934,Raspberry_Relieve11,,,,,,0.0,,,,,,,,,376,1.05,0.0,0.0
2026-07-16T13:15:31.386118,Raspberry_Relieve11,,,,,,0.0,,,,,,,,,377,1.03,0.0,0.0
2026-07-16T13:15:32.386224,Raspberry_Relieve11,,,,,,0.0,,,,,,,,,378,0.94,0.0,0.0
2026-07-16T13:15:33.386413,Raspberry_Relieve11,,,,,,0.0,,,,,,,,,379,1.0,0.0,0.0
2026-07-16T13:15:34.386595,Raspberry_Relieve11,,,,,,0.0,,,,,,,,,381,1.15,0.0,0.0
2026-07-16T13:15:35.386686,Raspberry_Relieve11,,,,,,0.0,,,,,,,,,381,0.88,0.0,0.0
2026-07-16T13:15:36.386885,Raspberry_Relieve11,,,,,,0.0,,,,,,,,,383,1.08,0.0,0.0
2026-07-16T13:15:37.387073,Raspberry_Relieve11,,,,,,0.0,,,,,,,,,383,0.91,0.0,0.0
2026-07-16T13:15:38.387166,Raspberry_Relieve11,,,,,,0.0,,,,,,,,,385,1.26,0.0,0.0
2026-07-16T13:15:39.387266,Raspberry_Relieve11,,,,,,0.0,,,,,,,,,385,0.82,0.0,0.0
2026-07-16T13:15:40.387458,Raspberry_Relieve11,,,,,,0.0,,,,,,,,,386,0.99,0.0,0.0
2026-07-16T13:15:41.387657,Raspberry_Relieve11,,,,,,0.0,,,,,,,,,387,0.92,0.0,0.0
2026-07-16T13:15:42.387760,Raspberry_Relieve11,,,,,,0.0,,,,,,,,,388,1.01,0.0,0.0
2026-07-16T13:15:43.387944,Raspberry_Relieve11,,,,,,0.0,,,,,,,,,390,1.23,0.0,0.0
2026-07-16T13:15:44.388128,Raspberry_Relieve11,,,,,,0.0,,,,,,,,,391,0.93,0.0,0.0
2026-07-16T13:15:45.388310,Raspberry_Relieve11,,,,,,0.0,,,,,,,,,392,0.93,0.0,0.0
2026-07-16T13:15:46.388404,Raspberry_Relieve11,,,,,,0.0,,,,,,,,,393,1.02,0.0,0.0
2026-07-16T13:15:47.388607,Raspberry_Relieve11,,,,,,0.0,,,,,,,,,393,0.92,0.0,0.0
2026-07-16T13:15:48.388800,Raspberry_Relieve11,,,,,,0.0,,,,,,,,,394,1.02,0.0,0.0
2026-07-16T13:15:49.388991,Raspberry_Relieve11,,,,,,0.0,,,,,,,,,395,0.93,0.0,0.0
2026-07-16T13:15:50.389086,Raspberry_Relieve11,,,,,,0.0,,,,,,,,,397,1.1,0.0,0.0
2026-07-16T13:15:51.389190,Raspberry_Relieve11,,,,,,0.0,,,,,,,,,398,1.25,0.0,0.0
2026-07-16T13:15:52.389291,Raspberry_Relieve11,,,,,,0.0,,,,,,,,,399,1.27,0.0,0.0
2026-07-16T13:15:53.389397,Raspberry_Relieve11,,,,,,0.0,,,,,,,,,400,0.56,0.0,0.0
2026-07-16T14:41:33.494748,Raspberry_Relieve0,,,40.255,0.0,0,0.0,,,,,,,,,0,,,0.0
2026-07-16T14:41:34.494833,Raspberry_Relieve0,,,40.253,-0.1,-4,-4.03,,,,,,,,,0,,,0.0
2026-07-16T14:41:35.495511,Raspberry_Relieve0,,,40.252,-0.116,-5,-4.67,,,,,,,,,1,0.94,-0.001138,-0.001138
2026-07-16T14:41:36.495611,Raspberry_Relieve0,,,40.246,-0.12,-5,-4.83,,,,,,,,,2,0.85,-0.001121,-0.002259
2026-07-16T14:41:37.495691,Raspberry_Relieve0,,,40.243,-0.131,-5,-5.27,,,,,,,,,3,1.14,-0.001595,-0.003854
2026-07-16T14:41:38.496368,Raspberry_Relieve0,,,40.249,-0.109,-4,-4.39,,,,,,,,,4,0.94,-0.001266,-0.005121
2026-07-16T14:41:39.496532,Raspberry_Relieve0,,,40.254,0.0,0,0.0,,,,,,,,,5,1.05,-0.000639,-0.00576
2026-07-16T14:41:40.496661,Raspberry_Relieve0,,,40.243,-0.127,-5,-5.11,,,,,,,,,6,0.93,-0.000657,-0.006417
2026-07-16T14:41:41.496708,Raspberry_Relieve0,,,40.251,-0.114,-5,-4.59,,,,,,,,,7,0.97,-0.00131,-0.007726
2026-07-16T14:41:42.496809,Raspberry_Relieve0,,,40.254,0.0,0,0.0,,,,,,,,,8,1.08,-0.000691,-0.008418
2026-07-16T14:41:43.496874,Raspberry_Relieve0,,,40.256,0.0,0,0.0,,,,,,,,,9,0.94,0.0,-0.008418
2026-07-16T14:41:44.496963,Raspberry_Relieve0,,,40.257,0.0,0,0.0,,,,,,,,,10,1.08,0.0,-0.008418
2026-07-16T14:41:45.497052,Raspberry_Relieve0,,,40.255,0.0,0,0.0,,,,,,,,,11,0.92,0.0,-0.008418
2026-07-16T14:41:46.497142,Raspberry_Relieve0,,,40.259,0.0,0,0.0,,,,,,,,,12,0.96,0.0,-0.008418
2026-07-16T14:41:47.497275,Raspberry_Relieve0,,,40.259,0.0,0,0.0,,,,,,,,,13,1.13,0.0,-0.008418
2026-07-16T14:52:14.110900,Raspberry_Relieve0,,,40.257,0.0,0,0.0,,,,,,,,,14,0.89,0.0,-0.008418
2026-07-16T14:52:15.110968,Raspberry_Relieve0,,,40.251,0.0,0,0.0,,,,,,,,,15,1.01,0.0,-0.008418
2026-07-16T14:52:16.111041,Raspberry_Relieve0,,,40.255,0.0,0,0.0,,,,,,,,,16,0.97,0.0,-0.008418
2026-07-16T14:52:17.111120,Raspberry_Relieve0,,,40.257,0.0,0,0.0,,,,,,,,,17,1.02,0.0,-0.008418
2026-07-16T14:52:18.111205,Raspberry_Relieve0,,,40.258,0.0,0,0.0,,,,,,,,,18,1.02,0.0,-0.008418
2026-07-16T14:52:19.111292,Raspberry_Relieve0,,,40.253,0.0,0,0.0,,,,,,,,,19,0.99,0.0,-0.008418
2026-07-16T14:52:20.111376,Raspberry_Relieve0,,,40.252,0.0,0,0.0,,,,,,,,,20,0.97,0.0,-0.008418
2026-07-16T14:52:21.111458,Raspberry_Relieve0,,,40.257,0.0,0,0.0,,,,,,,,,21,1.03,0.0,-0.008418
2026-07-16T14:52:22.111545,Raspberry_Relieve0,,,40.256,0.0,0,0.0,,,,,,,,,22,1.03,0.0,-0.008418
2026-07-16T14:52:23.111666,Raspberry_Relieve0,,,40.257,0.0,0,0.0,,,,,,,,,23,0.92,0.0,-0.008418
2026-07-16T14:52:24.111733,Raspberry_Relieve0,,,40.255,0.0,0,0.0,,,,,,,,,24,1.06,0.0,-0.008418
2026-07-16T14:52:25.111813,Raspberry_Relieve0,,,40.257,0.0,0,0.0,,,,,,,,,25,1.03,0.0,-0.008418
2026-07-16T14:52:26.111914,Raspberry_Relieve0,,,40.257,0.0,0,0.0,,,,,,,,,26,0.95,0.0,-0.008418
2026-07-16T14:52:27.111978,Raspberry_Relieve0,,,40.259,0.0,0,0.0,,,,,,,,,27,1.02,0.0,-0.008418
2026-07-16T14:52:28.112059,Raspberry_Relieve0,,,40.254,0.0,0,0.0,,,,,,,,,28,1.02,0.0,-0.008418
2026-07-16T14:52:29.112134,Raspberry_Relieve0,,,40.258,0.0,0,0.0,,,,,,,,,29,0.97,0.0,-0.008418
2026-07-16T14:52:30.112231,Raspberry_Relieve0,,,40.257,0.0,0,0.0,,,,,,,,,30,0.99,0.0,-0.008418
2026-07-16T14:52:31.112309,Raspberry_Relieve0,,,40.258,0.0,0,0.0,,,,,,,,,31,1.01,0.0,-0.008418
2026-07-16T14:52:32.112392,Raspberry_Relieve0,,,40.258,0.0,0,0.0,,,,,,,,,32,0.95,0.0,-0.008418
2026-07-16T14:52:33.112475,Raspberry_Relieve0,,,40.257,0.0,0,0.0,,,,,,,,,33,1.0,0.0,-0.008418
2026-07-16T14:52:34.112596,Raspberry_Relieve0,,,40.258,0.0,0,0.0,,,,,,,,,34,1.03,0.0,-0.008418
2026-07-16T14:52:35.112700,Raspberry_Relieve0,,,40.259,0.0,0,0.0,,,,,,,,,35,1.02,0.0,-0.008418
2026-07-16T14:52:36.112799,Raspberry_Relieve0,,,40.259,0.0,0,0.0,,,,,,,,,36,1.0,0.0,-0.008418
2026-07-16T14:52:37.112907,Raspberry_Relieve0,,,40.26,0.0,0,0.0,,,,,,,,,37,0.95,0.0,-0.008418
2026-07-16T14:52:38.113007,Raspberry_Relieve0,,,40.258,0.0,0,0.0,,,,,,,,,38,0.99,0.0,-0.008418
2026-07-16T14:52:39.113119,Raspberry_Relieve0,,,40.259,0.0,0,0.0,,,,,,,,,40,1.25,0.0,-0.008418
2026-07-16T14:52:40.113222,Raspberry_Relieve0,,,40.26,0.0,0,0.0,,,,,,,,,40,0.8,0.0,-0.008418
2026-07-16T14:52:41.113327,Raspberry_Relieve0,,,40.257,0.0,0,0.0,,,,,,,,,41,1.03,0.0,-0.008418
2026-07-16T14:52:42.113434,Raspberry_Relieve0,,,40.257,0.0,0,0.0,,,,,,,,,42,1.02,0.0,-0.008418
2026-07-16T14:52:43.113536,Raspberry_Relieve0,,,40.258,0.0,0,0.0,,,,,,,,,43,1.05,0.0,-0.008418
2026-07-16T14:52:44.113631,Raspberry_Relieve0,,,40.259,0.0,0,0.0,,,,,,,,,44,0.92,0.0,-0.008418
2026-07-16T14:52:45.113725,Raspberry_Relieve0,,,40.259,0.0,0,0.0,,,,,,,,,45,1.02,0.0,-0.008418
2026-07-16T14:52:46.113837,Raspberry_Relieve0,,,40.259,0.0,0,0.0,,,,,,,,,46,0.92,0.0,-0.008418
2026-07-16T14:52:47.113935,Raspberry_Relieve0,,,40.26,0.0,0,0.0,,,,,,,,,47,1.01,0.0,-0.008418
2026-07-16T14:52:48.114035,Raspberry_Relieve0,,,40.256,0.0,0,0.0,,,,,,,,,48,1.0,0.0,-0.008418
2026-07-16T14:52:49.114135,Raspberry_Relieve0,,,40.258,0.0,0,0.0,,,,,,,,,49,1.06,0.0,-0.008418
2026-07-16T14:52:50.114238,Raspberry_Relieve0,,,40.257,0.0,0,0.0,,,,,,,,,50,1.03,0.0,-0.008418
2026-07-16T14:52:51.114344,Raspberry_Relieve0,,,40.258,0.0,0,0.0,,,,,,,,,51,0.92,0.0,-0.008418
2026-07-16T14:52:52.114447,Raspberry_Relieve0,,,40.259,0.0,0,0.0,,,,,,,,,52,1.04,0.0,-0.008418
2026-07-16T14:52:53.114570,Raspberry_Relieve0,,,40.222,0.0,0,0.0,,,,,,,,,53,0.95,0.0,-0.008418
2026-07-16T14:52:54.114670,Raspberry_Relieve0,,,40.247,0.0,0,0.0,,,,,,,,,54,1.13,0.0,-0.008418
2026-07-16T14:52:55.114780,Raspberry_Relieve0,,,40.23,0.0,0,0.0,,,,,,,,,56,1.29,0.0,-0.008418
2026-07-16T14:52:56.114879,Raspberry_Relieve0,,,40.232,1.193,48,48.0,,,,,,,,,56,0.62,0.004158,-0.00426
2026-07-16T14:52:57.114957,Raspberry_Relieve0,,,40.237,0.309,12,12.43,,,,,,,,,57,1.02,0.008521,0.004261
2026-07-16T14:52:58.115070,Raspberry_Relieve0,,,40.174,0.595,24,23.9,,,,,,,,,58,1.02,0.005165,0.009426
2026-07-16T14:52:59.115161,Raspberry_Relieve0,,,40.107,0.806,32,32.33,,,,,,,,,59,0.98,0.007643,0.017069
2026-07-16T14:53:00.115258,Raspberry_Relieve0,,,40.161,0.474,19,19.04,,,,,,,,,60,0.93,0.006659,0.023728
2026-07-16T14:53:01.229716,Raspberry_Relieve0,,,40.241,0.0,0,19.04,,,,,,,,,61,1.2,0.006337,0.030065
2026-07-16T14:53:02.229813,Raspberry_Relieve0,,,40.589,-1.235,-50,-50.13,,,,,,,,,63,1.11,-0.004777,0.025288
2026-07-16T14:53:03.229908,Raspberry_Relieve0,,,39.57,4.074,161,161.21,,,,,,,,,63,0.9,0.013937,0.039225
2026-07-16T14:53:04.230008,Raspberry_Relieve0,,,40.285,0.0,0,161.21,,,,,,,,,64,0.89,0.039739,0.078964
2026-07-16T14:53:05.230110,Raspberry_Relieve0,,,40.248,0.165,7,6.64,,,,,,,,,65,1.01,0.023511,0.102474
2026-07-16T14:53:06.230225,Raspberry_Relieve0,,,40.007,0.859,34,34.37,,,,,,,,,66,0.97,0.005553,0.108027
2026-07-16T14:53:07.230325,Raspberry_Relieve0,,,40.251,-1.134,-46,-45.64,,,,,,,,,67,1.01,-0.001589,0.106438
2026-07-16T14:53:08.230445,Raspberry_Relieve0,,,40.241,0.0,0,0.0,,,,,,,,,68,1.02,-0.006489,0.099949
2026-07-16T14:53:09.230552,Raspberry_Relieve0,,,40.24,0.0,0,0.0,,,,,,,,,69,1.03,0.0,0.099949
2026-07-16T14:53:10.230640,Raspberry_Relieve0,,,40.24,0.0,0,0.0,,,,,,,,,71,1.12,0.0,0.099949
2026-07-16T14:53:11.230757,Raspberry_Relieve0,,,40.242,0.0,0,0.0,,,,,,,,,71,0.87,0.0,0.099949
2026-07-16T14:53:12.230886,Raspberry_Relieve0,,,40.238,0.0,0,0.0,,,,,,,,,72,1.05,0.0,0.099949
2026-07-16T14:53:13.231032,Raspberry_Relieve0,,,40.239,0.0,0,0.0,,,,,,,,,73,0.95,0.0,0.099949
2026-07-16T14:53:14.231176,Raspberry_Relieve0,,,40.24,0.0,0,0.0,,,,,,,,,74,1.03,0.0,0.099949
2026-07-16T14:53:15.231328,Raspberry_Relieve0,,,40.242,0.0,0,0.0,,,,,,,,,76,1.09,0.0,0.099949
2026-07-16T14:53:16.231479,Raspberry_Relieve0,,,40.24,0.0,0,0.0,,,,,,,,,76,0.96,0.0,0.099949
2026-07-16T14:53:17.231582,Raspberry_Relieve0,,,40.24,0.0,0,0.0,,,,,,,,,78,1.06,0.0,0.099949
2026-07-16T14:53:18.231688,Raspberry_Relieve0,,,40.224,3.53,142,141.99,,,,,,,,,78,0.88,0.017356,0.117304
2026-07-16T14:53:19.231789,Raspberry_Relieve0,,,40.045,1.022,41,40.93,,,,,,,,,79,1.02,0.02604,0.143344
2026-07-16T14:53:20.231894,Raspberry_Relieve0,,,40.268,0.338,14,13.61,,,,,,,,,80,0.94,0.007135,0.15048
2026-07-16T14:53:21.232053,Raspberry_Relieve0,,,40.159,0.379,15,15.22,,,,,,,,,81,0.99,0.003946,0.154426
2026-07-16T14:53:22.232154,Raspberry_Relieve0,,,40.239,0.0,0,15.22,,,,,,,,,82,1.06,0.004491,0.158917
2026-07-16T14:53:23.232251,Raspberry_Relieve0,,,40.236,0.0,0,15.22,,,,,,,,,84,1.21,0.005112,0.164029
2026-07-16T14:53:24.232346,Raspberry_Relieve0,,,40.235,0.0,0,15.22,,,,,,,,,85,0.89,0.00376,0.167789
2026-07-16T14:53:25.232511,Raspberry_Relieve0,,,40.238,0.0,0,15.22,,,,,,,,,86,0.95,0.004029,0.171818
2026-07-16T14:53:26.232669,Raspberry_Relieve0,,,40.238,0.0,0,15.22,,,,,,,,,86,0.96,0.004075,0.175893
2026-07-16T14:53:27.232777,Raspberry_Relieve0,,,40.241,0.0,0,15.22,,,,,,,,,87,0.98,0.004122,0.180015
2026-07-16T14:53:28.232872,Raspberry_Relieve0,,,40.241,0.0,0,15.22,,,,,,,,,88,0.99,0.004206,0.184221
2026-07-16T14:53:29.232962,Raspberry_Relieve0,,,40.242,0.0,0,15.22,,,,,,,,,89,0.96,0.004049,0.18827
2026-07-16T14:53:30.233089,Raspberry_Relieve0,,,40.243,0.0,0,15.22,,,,,,,,,90,1.07,0.004524,0.192793
2026-07-16T14:53:31.233257,Raspberry_Relieve0,,,40.242,0.0,0,15.22,,,,,,,,,91,0.98,0.004136,0.196929
2026-07-16T14:53:32.233405,Raspberry_Relieve0,,,40.245,0.0,0,15.22,,,,,,,,,92,1.02,0.004327,0.201257
2026-07-16T14:53:33.233555,Raspberry_Relieve0,,,40.245,0.0,0,15.22,,,,,,,,,93,0.95,0.004033,0.20529
2026-07-16T14:53:34.233656,Raspberry_Relieve0,,,40.246,0.0,0,15.22,,,,,,,,,94,0.99,0.004195,0.209484
2026-07-16T14:53:35.233792,Raspberry_Relieve0,,,40.245,0.0,0,15.22,,,,,,,,,95,1.0,0.004247,0.213731
2026-07-16T14:53:36.233893,Raspberry_Relieve0,,,40.248,0.0,0,15.22,,,,,,,,,96,0.98,0.004132,0.217864
2026-07-16T14:53:37.234006,Raspberry_Relieve0,,,40.247,0.0,0,15.22,,,,,,,,,97,1.01,0.004266,0.222129
2026-07-16T14:53:38.234146,Raspberry_Relieve0,,,40.248,0.0,0,15.22,,,,,,,,,98,0.98,0.004122,0.226252
2026-07-16T14:53:39.234245,Raspberry_Relieve0,,,40.247,0.0,0,15.22,,,,,,,,,99,1.05,0.00444,0.230692
2026-07-16T14:53:40.234350,Raspberry_Relieve0,,,40.246,0.0,0,15.22,,,,,,,,,100,1.03,0.004335,0.235027
2026-07-16T14:53:41.234452,Raspberry_Relieve0,,,40.247,0.0,0,15.22,,,,,,,,,101,0.96,0.004047,0.239074
2026-07-16T14:53:42.234552,Raspberry_Relieve0,,,40.249,0.0,0,15.22,,,,,,,,,102,0.98,0.004142,0.243216
2026-07-16T14:53:43.234707,Raspberry_Relieve0,,,40.248,0.0,0,15.22,,,,,,,,,103,0.98,0.00415,0.247366
2026-07-16T14:53:44.234797,Raspberry_Relieve0,,,40.249,0.0,0,15.22,,,,,,,,,104,1.02,0.004325,0.251691
2026-07-16T14:53:45.234997,Raspberry_Relieve0,,,40.249,0.0,0,15.22,,,,,,,,,105,0.98,0.004149,0.25584
2026-07-16T14:53:46.235205,Raspberry_Relieve0,,,40.248,0.0,0,15.22,,,,,,,,,106,1.02,0.0043,0.26014
2026-07-16T14:53:47.235305,Raspberry_Relieve0,,,40.249,0.0,0,15.22,,,,,,,,,107,1.02,0.004326,0.264466
2026-07-16T14:53:48.235403,Raspberry_Relieve0,,,40.249,0.0,0,15.22,,,,,,,,,108,1.02,0.004329,0.268794
2026-07-16T14:53:49.235646,Raspberry_Relieve0,,,40.246,0.0,0,15.22,,,,,,,,,109,1.02,0.00433,0.273124
2026-07-16T14:53:50.235698,Raspberry_Relieve0,,,40.247,0.0,0,15.22,,,,,,,,,110,1.02,0.004331,0.277455
2026-07-16T14:53:51.235800,Raspberry_Relieve0,,,40.249,0.0,0,15.22,,,,,,,,,111,0.93,0.003943,0.281398
2026-07-16T14:20:50.825612,Raspberry_Relieve11,,,,,,0.0,,,,,,,,,0,,,0.0
2026-07-16T14:20:51.825716,Raspberry_Relieve11,,,40.249,0.0,0,0.0,,,,,,,,,0,,,0.0
2026-07-16T14:20:52.825820,Raspberry_Relieve11,,,40.247,0.0,0,0.0,,,,,,,,,1,1.03,0.0,0.0
2026-07-16T14:20:53.825911,Raspberry_Relieve11,,,40.249,0.0,0,0.0,,,,,,,,,2,0.94,0.0,0.0
2026-07-16T14:20:54.825997,Raspberry_Relieve11,,,40.246,0.0,0,0.0,,,,,,,,,3,0.97,0.0,0.0
2026-07-16T14:20:55.826067,Raspberry_Relieve11,,,40.249,0.0,0,0.0,,,,,,,,,4,1.05,0.0,0.0
2026-07-16T14:20:56.826174,Raspberry_Relieve11,,,40.247,0.0,0,0.0,,,,,,,,,5,0.96,0.0,0.0
2026-07-16T14:20:57.826330,Raspberry_Relieve11,,,40.25,0.0,0,0.0,,,,,,,,,6,1.04,0.0,0.0
2026-07-16T14:20:58.826396,Raspberry_Relieve11,,,40.24,0.0,0,0.0,,,,,,,,,7,1.1,0.0,0.0
2026-07-16T16:04:50.302325,Raspberry_Relieve11,,,40.244,0.0,0,0.0,,,,,,,,,8,0.93,0.0,0.0
2026-07-16T16:04:51.308725,Raspberry_Relieve11,,,40.238,-0.102,-4,-4.1,,,,,,,,,9,1.02,-0.000583,-0.000583
2026-07-16T16:05:02.309858,Raspberry_Relieve11,,,40.25,0.0,0,0.0,,,,,,,,,20,11.06,-0.006304,-0.006887
2026-07-16T16:05:03.309938,Raspberry_Relieve11,,,40.247,0.0,0,0.0,,,,,,,,,21,1.02,0.0,-0.006887
2026-07-16T16:05:04.310048,Raspberry_Relieve11,,,40.244,0.0,0,0.0,,,,,,,,,22,0.81,0.0,-0.006887
2026-07-16T16:05:05.310137,Raspberry_Relieve11,,,40.245,0.0,0,0.0,,,,,,,,,23,0.98,0.0,-0.006887
2026-07-16T16:05:06.310217,Raspberry_Relieve11,,,40.249,0.0,0,0.0,,,,,,,,,24,1.18,0.0,-0.006887
2026-07-16T16:05:07.310318,Raspberry_Relieve11,,,40.248,0.0,0,0.0,,,,,,,,,25,0.88,0.0,-0.006887
2026-07-16T16:05:08.310420,Raspberry_Relieve11,,,40.248,0.0,0,0.0,,,,,,,,,26,1.16,0.0,-0.006887
2026-07-16T16:05:09.310502,Raspberry_Relieve11,,,40.239,0.0,0,0.0,,,,,,,,,27,0.82,0.0,-0.006887
2026-07-16T16:05:10.310639,Raspberry_Relieve11,,,40.239,0.0,0,0.0,,,,,,,,,28,1.06,0.0,-0.006887
2026-07-16T16:05:11.310711,Raspberry_Relieve11,,,40.242,0.0,0,0.0,,,,,,,,,29,0.99,0.0,-0.006887
2026-07-16T16:05:12.310812,Raspberry_Relieve11,,,40.241,0.0,0,0.0,,,,,,,,,30,1.03,0.0,-0.006887
2026-07-16T16:05:13.310914,Raspberry_Relieve11,,,39.809,4.632,184,184.4,,,,,,,,,31,1.08,0.027543,0.020657
2026-07-16T16:05:14.311026,Raspberry_Relieve11,,,40.229,0.26,10,10.46,,,,,,,,,32,1.03,0.027892,0.048548
2026-07-16T16:05:15.311110,Raspberry_Relieve11,,,40.231,0.0,0,10.46,,,,,,,,,33,0.84,0.002448,0.050996
2026-07-16T16:05:16.311201,Raspberry_Relieve11,,,40.23,0.0,0,10.46,,,,,,,,,34,1.0,0.002898,0.053894
2026-07-16T16:05:17.311307,Raspberry_Relieve11,,,40.231,0.0,0,10.46,,,,,,,,,35,1.04,0.003019,0.056913
2026-07-16T16:05:18.311398,Raspberry_Relieve11,,,40.232,0.0,0,10.46,,,,,,,,,36,0.98,0.002848,0.059761
2026-07-16T16:05:19.311539,Raspberry_Relieve11,,,40.233,0.0,0,10.46,,,,,,,,,37,1.04,0.003034,0.062796
2026-07-16T16:05:20.311637,Raspberry_Relieve11,,,40.234,0.0,0,10.46,,,,,,,,,38,0.97,0.002805,0.0656
2026-07-16T16:05:21.311768,Raspberry_Relieve11,,,40.235,0.0,0,10.46,,,,,,,,,39,1.03,0.002995,0.068595
2026-07-16T16:05:22.311871,Raspberry_Relieve11,,,40.235,0.0,0,10.46,,,,,,,,,40,1.04,0.003009,0.071604
2026-07-16T16:05:23.311970,Raspberry_Relieve11,,,40.234,0.0,0,10.46,,,,,,,,,41,1.05,0.003041,0.074645
2026-07-16T16:05:24.312064,Raspberry_Relieve11,,,40.233,0.0,0,10.46,,,,,,,,,42,0.89,0.002582,0.077227
2026-07-16T16:05:25.312154,Raspberry_Relieve11,,,40.233,0.0,0,10.46,,,,,,,,,43,1.02,0.002978,0.080205
2026-07-16T16:05:26.312264,Raspberry_Relieve11,,,40.235,0.0,0,10.46,,,,,,,,,44,1.19,0.003447,0.083652
2026-07-16T16:05:27.312364,Raspberry_Relieve11,,,40.236,0.0,0,10.46,,,,,,,,,45,0.76,0.002206,0.085857
2026-07-16T16:05:28.312441,Raspberry_Relieve11,,,40.235,0.0,0,10.46,,,,,,,,,46,1.02,0.002975,0.088832
2026-07-16T16:05:29.312538,Raspberry_Relieve11,,,40.234,0.0,0,10.46,,,,,,,,,47,1.2,0.003493,0.092325
2026-07-16T16:05:30.312639,Raspberry_Relieve11,,,40.236,0.0,0,10.46,,,,,,,,,48,0.79,0.002293,0.094618
2026-07-16T16:05:31.312744,Raspberry_Relieve11,,,40.235,0.0,0,10.46,,,,,,,,,49,1.02,0.002964,0.097582
2026-07-16T16:05:32.312840,Raspberry_Relieve11,,,40.233,0.0,0,10.46,,,,,,,,,50,0.99,0.002873,0.100455
2026-07-16T16:05:33.312934,Raspberry_Relieve11,,,40.233,0.0,0,10.46,,,,,,,,,51,1.01,0.002924,0.103379
2026-07-16T16:05:34.313032,Raspberry_Relieve11,,,40.228,0.0,0,10.46,,,,,,,,,52,1.02,0.002951,0.106331
2026-07-16T16:05:35.313130,Raspberry_Relieve11,,,40.235,0.0,0,10.46,,,,,,,,,53,1.03,0.003005,0.109335
2026-07-16T16:05:36.313232,Raspberry_Relieve11,,,40.232,0.0,0,10.46,,,,,,,,,54,0.94,0.002742,0.112078
2026-07-16T16:05:37.313316,Raspberry_Relieve11,,,40.234,0.0,0,10.46,,,,,,,,,55,1.01,0.002937,0.115015
2026-07-16T16:05:38.313413,Raspberry_Relieve11,,,40.23,0.0,0,10.46,,,,,,,,,57,1.33,0.003866,0.118881
2026-07-16T16:05:39.313509,Raspberry_Relieve11,,,40.235,0.0,0,10.46,,,,,,,,,58,1.1,0.003201,0.122082
2026-07-16T16:05:40.313615,Raspberry_Relieve11,,,40.231,0.0,0,10.46,,,,,,,,,58,0.52,0.00151,0.123592
2026-07-16T16:05:41.313740,Raspberry_Relieve11,,,40.233,0.0,0,10.46,,,,,,,,,59,1.04,0.003031,0.126623
2026-07-16T16:05:42.313822,Raspberry_Relieve11,,,40.24,0.0,0,10.46,,,,,,,,,60,1.12,0.003252,0.129875
2026-07-16T16:05:43.313889,Raspberry_Relieve11,,,40.238,0.0,0,10.46,,,,,,,,,61,0.91,0.002655,0.13253
2026-07-16T17:41:30.295504,Raspberry_Relieve12,,,,,,0.0,,,,,,,,,0,,,0.0
2026-07-16T17:41:31.295677,Raspberry_Relieve12,,,,,,0.0,,,,,,,,,1,,,0.0
2026-07-16T17:41:32.295791,Raspberry_Relieve12,,,,,,0.0,,,,,,,,,2,0.99,0.0,0.0
